County, FIPS,rate
"Lyman County, South Dakota(6,10)",46085,226.8
"Warren County, Georgia(7)",13301,210.2
"Haakon County, South Dakota(6,10)",46055,202.9
"Sweet Grass County, Montana(6,10)",30097,188.6
"Turner County, Georgia(7,9)",13287,186
"Allendale County, South Carolina(6,10)",45005,183.6
"Hughes County, South Dakota(6,10)",46065,183.3
"Potter County, South Dakota(6,10)",46107,182.4
"Union County, Florida(6,10)",12125,175.5
"Tunica County, Mississippi(6,10)",28143,173.9
"West Feliciana Parish, Louisiana(7,9)",22125,173.9
"Dallam County, Texas(6,10)",48111,172.2
"Teton County, Montana(6,10)",30099,172
"Glascock County, Georgia(7)",13125,171.4
"Pondera County, Montana(6,10)",30073,170
"Oktibbeha County, Mississippi(6,10)",28105,168.3
"Greene County, Iowa(7,8)",19073,167.1
"Kingsbury County, South Dakota(6,10)",46077,166.8
"Turner County, South Dakota(6,10)",46125,166.2
"Mitchell County, Georgia(7,9)",13205,166
"Grundy County, Missouri(6,10)",29079,165.3
"Terrell County, Georgia(7,9)",13273,164.7
"Belknap County, New Hampshire(6,10)",33001,164.2
"Catron County, New Mexico(7)",35003,163.9
"District of Columbia, District of Columbia(6,10)",11001,163.4
"Piscataquis County, Maine(6,10)",23021,162.2
"Calhoun County, Iowa(7,8)",19025,162
"McCormick County, South Carolina(6,10)",45065,161.1
"Durham County, North Carolina(6,10)",37063,161
"Keith County, Nebraska(6,10)",31101,160.3
"Minnehaha County, South Dakota(6,10)",46099,160.1
"Floyd County, Iowa(7,8)",19067,160
"Richland County, Montana(6,10)",30083,159.4
"Lanier County, Georgia(7,9)",13173,158.3
"Shelby County, Missouri(6,10)",29205,157.5
"Westchester County, New York(6,10)",36119,157
"Furnas County, Nebraska(6,10)",31065,156.2
"Washington County, Idaho(6,10)",16087,156.1
"Hutchinson County, South Dakota(6,10)",46067,155.5
"Dorchester County, South Carolina(6,10)",45035,154.9
"East Feliciana Parish, Louisiana(7,9)",22037,154.9
"Crawford County, Georgia(7,9)",13079,154.8
"Hunterdon County, New Jersey(7,8)",34019,154.7
"Ida County, Iowa(7,8)",19093,154.4
"New York County, New York(6,10)",36061,154.4
"King County, Washington(7,8)",53033,154.1
"San Mateo County, California(7,8)",6081,153.9
"Nassau County, New York(6,10)",36059,153.9
"Union County, South Dakota(6,10)",46127,153.6
"Middlesex County, Connecticut(7,8)",9007,153.3
"Cheyenne County, Nebraska(6,10)",31033,153.2
"Fairfield County, Connecticut(7,8)",9001,153.2
"Honolulu County, Hawaii(7,9)",15003,152.7
"Tift County, Georgia(7,9)",13277,152.3
"Teller County, Colorado(6,10)",8119,152
"Weston County, Wyoming(6,10)",56045,152
"Major County, Oklahoma(6,10)",40093,152
"De Soto Parish, Louisiana(7,9)",22031,151.8
"Grand Traverse County, Michigan(6,10)",26055,151.7
"Gem County, Idaho(6,10)",16045,151.7
"Clear Creek County, Colorado(6,10)",8019,151.7
"Inyo County, California(7,9)",6027,151.7
"Fall River County, South Dakota(6,10)",46047,151.5
"Ventura County, California(7,9)",6111,151.4
"Sawyer County, Wisconsin(6,10)",55113,151.3
"Bibb County, Alabama(6,10)",1007,151.3
"Pike County, Missouri(6,10)",29163,151.2
"Kossuth County, Iowa(7,8)",19109,151
"Lenoir County, North Carolina(6,10)",37107,151
"St. Louis County, Missouri(6,10)",29189,150.9
"Randolph County, Georgia(7,9)",13243,150.9
"Guthrie County, Iowa(7,8)",19077,150.9
"Calvert County, Maryland(6,10)",24009,150.8
"Wyoming County, New York(6,10)",36121,150.7
"Butler County, Alabama(6,10)",1013,150.6
"Knox County, Ohio(6,10)",39083,150.6
"Ketchikan Gateway Borough, Alaska(6,10)",2130,150.5
"Okfuskee County, Oklahoma(6,10)",40107,150.2
"Rockland County, New York(6,10)",36087,150.2
"Camden County, New Jersey(7,8)",34007,150.2
"Morris County, New Jersey(7,8)",34027,150
"Benton County, Washington(6,10)",53005,150
"Minidoka County, Idaho(6,10)",16067,149.9
"Macon County, Missouri(6,10)",29121,149.7
"Yolo County, California(7,9)",6113,149.6
"Fayette County, Tennessee(6,10)",47047,149.5
"Hand County, South Dakota(6,10)",46059,149.5
"Erie County, New York(6,10)",36029,149.4
"Glenn County, California(7,9)",6021,149.2
"Bergen County, New Jersey(7,8)",34003,149.2
"Amador County, California(7,9)",6005,149.2
"Chittenden County, Vermont(6,10)",50007,149
"Greene County, Georgia(7)",13133,148.6
"Suffolk County, New York(6,10)",36103,148.4
"Santa Cruz County, California(7,9)",6087,148.2
"Santa Barbara County, California(7,9)",6083,148.2
"Dodge County, Nebraska(6,10)",31053,148.1
"Lake County, Montana(6,10)",30047,147.8
"Los Angeles County, California(7,9)",6037,147.6
"Waukesha County, Wisconsin(6,10)",55133,147.5
"Monroe County, New York(6,10)",36055,147.5
"Lafayette Parish, Louisiana(7,9)",22055,147.4
"Tripp County, South Dakota(6,10)",46123,147.3
"Mercer County, New Jersey(7,8)",34021,147.1
"Monmouth County, New Jersey(7,8)",34025,147
"Monroe County, Alabama(6,10)",1099,147
"Napa County, California(7,9)",6055,146.9
"Cascade County, Montana(6,10)",30013,146.9
"Grand County, Utah(7,8)",49019,146.9
"Merrimack County, New Hampshire(6,10)",33013,146.8
"Calhoun County, Mississippi(6,10)",28013,146.8
"Cattaraugus County, New York(6,10)",36009,146.6
"Charles Mix County, South Dakota(6,10)",46023,146.5
"Archuleta County, Colorado(6,10)",8007,146.4
"La Crosse County, Wisconsin(6,10)",55063,146.4
"Orange County, California(7,9)",6059,146.2
"Pamlico County, North Carolina(6,10)",37137,146.1
"Essex County, New Jersey(7,8)",34013,146.1
"Middlesex County, New Jersey(7,8)",34023,146
"Warren County, Iowa(7,8)",19181,145.9
"DeKalb County, Georgia(7,8)",13089,145.8
"Millard County, Utah(7,8)",49027,145.6
"Clay County, South Dakota(6,10)",46027,145.6
"Marengo County, Alabama(6,10)",1091,145.6
"Williamson County, Tennessee(6,10)",47187,145.5
"Clay County, Iowa(7,8)",19041,145.3
"Clackamas County, Oregon(6,10)",41005,145.3
"Fentress County, Tennessee(6,10)",47049,145.1
"Santa Clara County, California(7,9)",6085,145.1
"Valdez-Cordova Census Area, Alaska(6,10)",2261,145.1
"Pierce County, Washington(7,8)",53053,145.1
"Los Alamos County, New Mexico(7,8)",35028,145
"Sacramento County, California(7,9)",6067,145
"Taylor County, Iowa(7,8)",19173,145
"Albany County, New York(6,10)",36001,145
"Boone County, Indiana(6,10)",18011,144.9
"Anson County, North Carolina(6,10)",37007,144.9
"Fulton County, Georgia(7,8)",13121,144.9
"Taos County, New Mexico(7,8)",35055,144.8
"San Diego County, California(7,9)",6073,144.7
"Dallas County, Iowa(7,8)",19049,144.7
"Kent County, Michigan(6,10)",26081,144.7 #  
"Van Wert County, Ohio(6,10)",39161,144.7
"Toole County, Montana(6,10)",30101,144.6
"Butte County, California(7,9)",6007,144.6
"Washburn County, Wisconsin(6,10)",55129,144.5
"Bernalillo County, New Mexico(7,8)",35001,144.4
"Placer County, California(7,9)",6061,144.2
"Alachua County, Florida(6,10)",12001,144
"Gray County, Texas(6,10)",48179,143.9
"Newport County, Rhode Island(6,10)",44005,143.8
"Mecklenburg County, North Carolina(6,10)",37119,143.7
"Gwinnett County, Georgia(7,8)",13135,143.7
"Osceola County, Michigan(6,10)",26133,143.6 #  
"Erie County, Ohio(6,10)",39043,143.6
"Atlantic County, New Jersey(7,8)",34001,143.4
"Lamar County, Georgia(7,9)",13171,143.4
"Gregg County, Texas(6,10)",48183,143.4
"Ozaukee County, Wisconsin(6,10)",55089,143.4
"Multnomah County, Oregon(6,10)",41051,143.3
"Auglaize County, Ohio(6,10)",39011,143.3
"Union County, New Jersey(7,8)",34039,143.2
"San Francisco County, California(7,8)",6075,143.2
"San Juan County, Washington(7,8)",53055,143.1
"Buffalo County, Nebraska(6,10)",31019,143
"Marin County, California(7,8)",6041,142.9
"Talbot County, Maryland(6,10)",24041,142.9
"Polk County, Oregon(6,10)",41053,142.9
"Buncombe County, North Carolina(6,10)",37021,142.8
"Somerset County, New Jersey(7,8)",34035,142.6
"Guilford County, North Carolina(6,10)",37081,142.6
"Russell County, Alabama(6,10)",1113,142.6
"Denver County, Colorado(6,10)",8031,142.5
"St. Francois County, Missouri(6,10)",29187,142.5
"Cooper County, Missouri(6,10)",29053,142.5
"Marathon County, Wisconsin(6,10)",55073,142.4
"Pickens County, Alabama(6,10)",1107,142.4
"Jenkins County, Georgia(7,9)",13165,142.3
"Whatcom County, Washington(7,8)",53073,142.3
"Wake County, North Carolina(6,10)",37183,142.3
"Alameda County, California(7,8)",6001,142.2
"Rockwall County, Texas(6,10)",48397,142.1
"Clallam County, Washington(7,8)",53009,142.1
"Cole County, Missouri(6,10)",29051,142.1
"Skagit County, Washington(7,8)",53057,142.1
"Rockingham County, New Hampshire(6,10)",33015,142
"Gallatin County, Montana(6,10)",30031,141.8
"Carter County, Missouri(6,10)",29035,141.8
"Alamance County, North Carolina(6,10)",37001,141.7
"Island County, Washington(7,8)",53029,141.6
"Boulder County, Colorado(6,10)",8013,141.5
"Marion County, Tennessee(6,10)",47115,141.4
"Autauga County, Alabama(6,10)",1001,141.4
"Crawford County, Indiana(6,10)",18025,141.3
"Montgomery County, Maryland(6,10)",24031,141.2
"Yamhill County, Oregon(6,10)",41071,141.1
"Cobb County, Georgia(7,8)",13067,141.1
"Forsyth County, Georgia(7,9)",13117,141
"Madison County, Iowa(7,8)",19121,141
"Martin County, Indiana(6,10)",18101,141
"Union County, Oregon(6,10)",41061,141
"Hillsborough County, New Hampshire(6,10)",33011,141
"Cortland County, New York(6,10)",36023,140.8
"El Dorado County, California(7,9)",6017,140.8
"Vance County, North Carolina(6,10)",37181,140.8
"Richmond County, New York(6,10)",36085,140.7
"Livingston County, Missouri(6,10)",29117,140.7
"Snohomish County, Washington(7,8)",53061,140.7
"Montgomery County, Georgia(7,9)",13209,140.7
"Grant County, South Dakota(6,10)",46051,140.5
"Martin County, North Carolina(6,10)",37117,140.5
"New London County, Connecticut(7,8)",9011,140.5
"Lewis County, Tennessee(6,10)",47101,140.5
"Camden County, North Carolina(6,10)",37029,140.4
"Oconee County, Georgia(7,9)",13219,140.4
"Thurston County, Washington(7,8)",53067,140.4
"Clay County, West Virginia(6,10)",54015,140.4
"Parker County, Texas(6,10)",48367,140.3
"San Luis Obispo County, California(7,9)",6079,140.2
"Wright County, Missouri(6,10)",29229,140.2
"Muskegon County, Michigan(6,10)",26121,140.1 #  
"Dutchess County, New York(6,10)",36027,140.1
"St. Tammany Parish, Louisiana(7,9)",22103,140
"Halifax County, North Carolina(6,10)",37083,140
"Fort Bend County, Texas(6,10)",48157,139.8
"New Haven County, Connecticut(7,8)",9009,139.7
"Contra Costa County, California(7,8)",6013,139.7
"Twiggs County, Georgia(7,9)",13289,139.7
"Worcester County, Maryland(6,10)",24047,139.6
"Baltimore City, Maryland(6,10)",24510,139.6
"Mecosta County, Michigan(6,10)",26107,139.5 #  
"Lake County, Oregon(6,10)",41037,139.5
"Washington County, Oregon(6,10)",41067,139.4
"Dallas County, Alabama(6,10)",1047,139.4
"Burlington County, New Jersey(7,8)",34005,139.4
"Franklin County, Missouri(6,10)",29071,139.4
"Effingham County, Georgia(7,9)",13103,139.2
"Lake County, Ohio(6,10)",39085,139.2
"Spokane County, Washington(6,10)",53063,139.2
"Pulaski County, Missouri(6,10)",29169,139.2
"Saline County, Nebraska(6,10)",31151,139.2
"Winnebago County, Wisconsin(6,10)",55139,139.1
"White County, Tennessee(6,10)",47185,139.1
"Greene County, Ohio(6,10)",39057,139
"Warrick County, Indiana(6,10)",18173,138.8
"Kent County, Rhode Island(6,10)",44003,138.7
"Strafford County, New Hampshire(6,10)",33017,138.7
"Imperial County, California(7,9)",6025,138.7
"Hamilton County, New York(6,10)",36041,138.6
"Wilkes County, Georgia(7,9)",13317,138.6
"Solano County, California(7,9)",6095,138.6
"Sonoma County, California(7,9)",6097,138.5
"Harford County, Maryland(6,10)",24025,138.5
"Screven County, Georgia(7,9)",13251,138.5
"Hamilton County, Ohio(6,10)",39061,138.5
"Fayette County, Georgia(7,9)",13113,138.4
"Tolland County, Connecticut(7,8)",9013,138.4
"Cleveland County, North Carolina(6,10)",37045,138.4
"Racine County, Wisconsin(6,10)",55101,138.3
"Oakland County, Michigan(7,8)",26125,138.3
"Santa Fe County, New Mexico(7,8)",35049,138.3
"Grenada County, Mississippi(6,10)",28043,138.3
"Lee County, North Carolina(6,10)",37105,138.2
"Hamlin County, South Dakota(6,10)",46057,138.1
"Kershaw County, South Carolina(6,10)",45055,138.1
"Dickinson County, Iowa(7,8)",19059,138
"Columbia County, Wisconsin(6,10)",55021,137.9
"Hartford County, Connecticut(7,8)",9003,137.8
"Arapahoe County, Colorado(6,10)",8005,137.8
"Lavaca County, Texas(6,10)",48285,137.8
"Polk County, Iowa(7,8)",19153,137.7
"Putnam County, New York(6,10)",36079,137.6
"Anderson County, Tennessee(6,10)",47001,137.6
"Boone County, Missouri(6,10)",29019,137.4
"Richland County, South Carolina(6,10)",45079,137.4
"Dare County, North Carolina(6,10)",37055,137.4
"Milwaukee County, Wisconsin(6,10)",55079,137.4
"Tompkins County, New York(6,10)",36109,137.3
"Plaquemines Parish, Louisiana(7,9)",22075,137.3
"Ottawa County, Michigan(6,10)",26139,137.3 #  
"Harris County, Texas(6,10)",48201,137.2
"Clark County, Ohio(6,10)",39023,137.2
"Josephine County, Oregon(6,10)",41033,137.1
"Passaic County, New Jersey(7,8)",34031,137.1
"Washington County, Nebraska(6,10)",31177,137.1
"Chatham County, North Carolina(6,10)",37037,137
"Troup County, Georgia(7,9)",13285,137
"Iredell County, North Carolina(6,10)",37097,136.9
"Walworth County, Wisconsin(6,10)",55127,136.9
"Orange County, North Carolina(6,10)",37135,136.9
"Johnson County, Iowa(7,8)",19103,136.8
"Gloucester County, New Jersey(7,8)",34015,136.7
"Orleans Parish, Louisiana(7,9)",22071,136.7
"Greene County, New York(6,10)",36039,136.6
"Adair County, Missouri(6,10)",29001,136.6
"Ontonagon County, Michigan(6,10)",26131,136.5 #  
"Moore County, North Carolina(6,10)",37125,136.4
"Garfield County, Utah(7)",49017,136.4
"Hendricks County, Indiana(6,10)",18063,136.2
"Cumberland County, Maine(6,10)",23005,136.1
"Onondaga County, New York(6,10)",36067,136.1
"Adams County, Iowa(7)",19003,136.1
"Boone County, Nebraska(6,10)",31011,136.1
"Allegany County, New York(6,10)",36003,136
"York County, Maine(6,10)",23031,136
"Waldo County, Maine(6,10)",23027,135.9
"Crockett County, Tennessee(6,10)",47033,135.9
"Henderson County, North Carolina(6,10)",37089,135.8
"Marquette County, Michigan(6,10)",26103,135.8 #  
"Saratoga County, New York(6,10)",36091,135.8
"Preston County, West Virginia(6,10)",54077,135.8
"Clay County, Tennessee(6,10)",47027,135.8
"Maui County, Hawaii(7,9)",15009,135.7
"Genesee County, New York(6,10)",36037,135.7
"Livingston County, New York(6,10)",36051,135.6
"Morgan County, Georgia(7)",13211,135.6
"Clark County, South Dakota(6,10)",46025,135.5
"Palo Alto County, Iowa(7,8)",19147,135.5
"Douglas County, Nebraska(6,10)",31055,135.5
"Dubuque County, Iowa(7,8)",19061,135.5
"Carroll County, Maryland(6,10)",24013,135.5
"Hardin County, Iowa(7,8)",19083,135.4
"Sandoval County, New Mexico(7,8)",35043,135.4
"Washington Parish, Louisiana(7,9)",22117,135.4
"Monterey County, California(7,9)",6053,135.4
"Rowan County, North Carolina(6,10)",37159,135.4
"Green Lake County, Wisconsin(6,10)",55047,135.4
"Erath County, Texas(6,10)",48143,135.4
"Chatham County, Georgia(7,9)",13051,135.3
"Jackson County, Iowa(7,8)",19097,135.3
"Cabell County, West Virginia(6,10)",54011,135.3
"Loudon County, Tennessee(6,10)",47105,135.2
"Baltimore County, Maryland(6,10)",24005,135.2
"Davidson County, Tennessee(6,10)",47037,135.1
"Dallas County, Texas(6,10)",48113,135.1
"Bronx County, New York(6,10)",36005,135.1
"Forsyth County, North Carolina(6,10)",37067,135.1
"Iron County, Missouri(6,10)",29093,135.1
"Codington County, South Dakota(6,10)",46029,135.1
"Vigo County, Indiana(6,10)",18167,135.1
"Muscogee County, Georgia(7,9)",13215,135.1
"Merrick County, Nebraska(6,10)",31121,135
"Owyhee County, Idaho(6,10)",16073,134.9
"Otsego County, New York(6,10)",36077,134.9
"Rush County, Indiana(6,10)",18139,134.8
"Duval County, Florida(6,10)",12031,134.8
"Granville County, North Carolina(6,10)",37077,134.8
"Wayne County, Michigan(7,8)",26163,134.8
"Worth County, Iowa(7,8)",19195,134.7
"Yazoo County, Mississippi(6,10)",28163,134.7
"Shelby County, Tennessee(6,10)",47157,134.7
"Wayne County, New York(6,10)",36117,134.7
"Anne Arundel County, Maryland(6,10)",24003,134.7
"Copiah County, Mississippi(6,10)",28029,134.7
"Valley County, Idaho(6,10)",16085,134.6
"Washington County, Alabama(6,10)",1129,134.6
"Jackson County, Oregon(6,10)",41029,134.5
"St. Charles County, Missouri(6,10)",29183,134.5
"Greenville County, South Carolina(6,10)",45045,134.5
"Morgan County, Indiana(6,10)",18109,134.4
"Addison County, Vermont(6,10)",50001,134.4
"Clayton County, Georgia(7,8)",13063,134.3
"Blaine County, Idaho(6,10)",16013,134.3
"Washington County, Georgia(7)",13303,134.3
"Panola County, Mississippi(6,10)",28107,134.3
"Jefferson County, Wisconsin(6,10)",55055,134.3
"Camp County, Texas(6,10)",48063,134.3
"Vermilion Parish, Louisiana(7,9)",22113,134.3
"Hamilton County, Indiana(6,10)",18057,134.2
"Delaware County, Ohio(6,10)",39041,134.2
"Shasta County, California(7,9)",6089,134.2
"Monroe County, Wisconsin(6,10)",55081,134.2
"Tuscaloosa County, Alabama(6,10)",1125,134.1
"Broome County, New York(6,10)",36007,134.1
"Warren County, New Jersey(7,8)",34041,134.1
"Cuyahoga County, Ohio(6,10)",39035,134.1
"Marion County, West Virginia(6,10)",54049,134.1
"Montgomery County, Iowa(7,8)",19137,134
"Adams County, Nebraska(6,10)",31001,134
"Lamoille County, Vermont(6,10)",50015,134
"Sumner County, Tennessee(6,10)",47165,134
"Pennington County, South Dakota(6,10)",46103,134
"Jefferson County, Alabama(6,10)",1073,133.9
"Broward County, Florida(6,10)",12011,133.9
"Nevada County, California(7,9)",6057,133.9
"Buena Vista County, Iowa(7,8)",19021,133.9
"Shoshone County, Idaho(6,10)",16079,133.9
"Clark County, Washington(6,10)",53011,133.7
"Sheboygan County, Wisconsin(6,10)",55117,133.7
"Washington County, Rhode Island(6,10)",44009,133.7
"Kiowa County, Oklahoma(6,10)",40075,133.7
"Fresno County, California(7,9)",6019,133.7
"Dane County, Wisconsin(6,10)",55025,133.7
"Colfax County, Nebraska(6,10)",31037,133.7
"Story County, Iowa(7,8)",19169,133.6
"Coahoma County, Mississippi(6,10)",28027,133.6
"Greenbrier County, West Virginia(6,10)",54025,133.6
"Douglas County, Colorado(6,10)",8035,133.6
"Moore County, Texas(6,10)",48341,133.6
"Saginaw County, Michigan(6,10)",26145,133.5 #  
"Jefferson Davis Parish, Louisiana(7,9)",22053,133.5
"Sarpy County, Nebraska(6,10)",31153,133.5
"Texas County, Oklahoma(6,10)",40139,133.4
"Schenectady County, New York(6,10)",36093,133.4
"Sumter County, Georgia(7,9)",13261,133.3
"Knox County, Indiana(6,10)",18083,133.3
"Macon County, North Carolina(6,10)",37113,133.3
"Queens County, New York(6,10)",36081,133.2
"Orange County, New York(6,10)",36071,133.2
"Cook County, Georgia(7,9)",13075,133.2
"Des Moines County, Iowa(7,8)",19057,133.1
"Forrest County, Mississippi(6,10)",28035,133.1
"Fond du Lac County, Wisconsin(6,10)",55039,133.1
"Tulsa County, Oklahoma(6,10)",40143,133.1
"Madison County, Mississippi(6,10)",28089,133
"Providence County, Rhode Island(6,10)",44007,133
"Jasper County, Iowa(7,8)",19099,133
"Cheshire County, New Hampshire(6,10)",33005,133
"Howard County, Maryland(6,10)",24027,132.9
"Yankton County, South Dakota(6,10)",46135,132.9
"Stillwater County, Montana(6,10)",30095,132.8
"Floyd County, Indiana(6,10)",18043,132.8
"Ottawa County, Ohio(6,10)",39123,132.8
"Denton County, Texas(6,10)",48121,132.7
"Jackson County, Georgia(7,9)",13157,132.7
"Clay County, Missouri(6,10)",29047,132.6
"Austin County, Texas(6,10)",48015,132.6
"Kootenai County, Idaho(6,10)",16055,132.6
"Pender County, North Carolina(6,10)",37141,132.6
"Collin County, Texas(6,10)",48085,132.6
"Berrien County, Michigan(6,10)",26021,132.5 #  
"Shelby County, Indiana(6,10)",18145,132.5
"Catawba County, North Carolina(6,10)",37035,132.3
"Humphreys County, Tennessee(6,10)",47085,132.3
"St. John the Baptist Parish, Louisiana(7,9)",22095,132.2
"Nassau County, Florida(6,10)",12089,132.2
"Perry County, Missouri(6,10)",29157,132.1
"Spartanburg County, South Carolina(6,10)",45083,132.1
"Richmond County, Georgia(7,9)",13245,132.1
"Chippewa County, Wisconsin(6,10)",55017,132.1
"Bolivar County, Mississippi(6,10)",28011,132
"Alpena County, Michigan(6,10)",26007,132 #  
"Franklin County, Nebraska(6,10)",31061,131.9
"Palo Pinto County, Texas(6,10)",48363,131.9
"Rosebud County, Montana(6,10)",30087,131.8
"Monroe County, Missouri(6,10)",29137,131.8
"Pulaski County, Arkansas(6,10)",5119,131.8
"Franklin County, Ohio(6,10)",39049,131.8
"Benton County, Oregon(6,10)",41003,131.8
"Beaufort County, North Carolina(6,10)",37013,131.8
"Florence County, South Carolina(6,10)",45041,131.7
"Warren County, Ohio(6,10)",39165,131.7
"Kings County, New York(6,10)",36047,131.7
"Kenai Peninsula Borough, Alaska(6,10)",2122,131.7
"Tipton County, Indiana(6,10)",18159,131.7
"Fulton County, New York(6,10)",36035,131.7
"Cabarrus County, North Carolina(6,10)",37025,131.7
"Ada County, Idaho(6,10)",16001,131.6
"Outagamie County, Wisconsin(6,10)",55087,131.6
"Marion County, Missouri(6,10)",29127,131.6
"Concordia Parish, Louisiana(7,9)",22029,131.6
"Montgomery County, Missouri(6,10)",29139,131.6
"Sanpete County, Utah(7,8)",49039,131.6
"Randolph County, North Carolina(6,10)",37151,131.5
"Day County, South Dakota(6,10)",46037,131.5
"Rockingham County, North Carolina(6,10)",37157,131.5
"Anderson County, South Carolina(6,10)",45007,131.5
"Washington County, Wisconsin(6,10)",55131,131.4
"Jefferson Parish, Louisiana(7,9)",22051,131.4
"Cherokee County, North Carolina(6,10)",37039,131.4
"Bexar County, Texas(6,10)",48029,131.3
"Dawson County, Montana(6,10)",30021,131.3
"Chaffee County, Colorado(6,10)",8015,131.2
"Dewey County, Oklahoma(6,10)",40043,131.2
"Charleston County, South Carolina(6,10)",45019,131.2
"Larimer County, Colorado(6,10)",8069,131.2
"Washington County, Maryland(6,10)",24043,131.2
"Avery County, North Carolina(6,10)",37011,131.1
"Yates County, New York(6,10)",36123,131.1
"Barbour County, Alabama(6,10)",1005,131.1
"Kitsap County, Washington(7,8)",53035,131.1
"Shelby County, Iowa(7,8)",19165,131.1
"Garfield County, Colorado(6,10)",8045,131
"Columbia County, Oregon(6,10)",41009,131
"Morrow County, Oregon(6,10)",41049,131
"Perry County, Tennessee(6,10)",47135,131
"Miami-Dade County, Florida(6,10)",12086,130.9
"Bay County, Florida(6,10)",12005,130.8
"Cheatham County, Tennessee(6,10)",47021,130.8
"Crawford County, Wisconsin(6,10)",55023,130.7
"Pike County, Alabama(6,10)",1109,130.7
"Greenwood County, South Carolina(6,10)",45047,130.6
"Wasatch County, Utah(7,8)",49051,130.6
"Brooke County, West Virginia(6,10)",54009,130.6
"Penobscot County, Maine(6,10)",23019,130.6
"Osceola County, Iowa(7,8)",19143,130.6
"Butte County, South Dakota(6,10)",46019,130.5
"St. Mary Parish, Louisiana(7,9)",22101,130.5
"Hood River County, Oregon(6,10)",41027,130.5
"Gooding County, Idaho(6,10)",16047,130.5
"Leake County, Mississippi(6,10)",28079,130.5
"Ohio County, Indiana(6,10)",18115,130.4
"Jackson County, Indiana(6,10)",18071,130.4
"Travis County, Texas(6,10)",48453,130.4
"Anchorage Borough, Alaska(6,10)",2020,130.4
"East Baton Rouge Parish, Louisiana(7,9)",22033,130.3
"Graham County, North Carolina(6,10)",37075,130.3
"Pocahontas County, Iowa(7,8)",19151,130.3
"Monongalia County, West Virginia(6,10)",54061,130.3
"Martin County, Florida(6,10)",12085,130.3
"Montgomery County, Texas(6,10)",48339,130.2
"Washington County, Iowa(7,8)",19183,130.2
"Walker County, Texas(6,10)",48471,130.2
"Ben Hill County, Georgia(7,9)",13017,130.2
"Baca County, Colorado(6,10)",8009,130.1
"Rockdale County, Georgia(7,9)",13247,130.1
"Stewart County, Tennessee(6,10)",47161,130
"Wicomico County, Maryland(6,10)",24045,130
"Oneida County, Wisconsin(6,10)",55085,130
"Jasper County, Georgia(7)",13159,129.9
"Iowa County, Iowa(7,8)",19095,129.9
"Tuolumne County, California(7,9)",6109,129.9
"Door County, Wisconsin(6,10)",55029,129.9
"Washington County, Tennessee(6,10)",47179,129.9
"Sumter County, South Carolina(6,10)",45085,129.9
"Marshall County, Tennessee(6,10)",47117,129.9
"Jones County, Iowa(7,8)",19105,129.8
"Haskell County, Oklahoma(6,10)",40061,129.8
"St. Johns County, Florida(6,10)",12109,129.7
"Windham County, Connecticut(7,8)",9015,129.7
"Jefferson County, Colorado(6,10)",8059,129.7
"Sharp County, Arkansas(6,10)",5135,129.7
"Bertie County, North Carolina(6,10)",37015,129.6
"Cape Girardeau County, Missouri(6,10)",29031,129.6
"Teton County, Wyoming(6,10)",56039,129.6
"Huntington County, Indiana(6,10)",18069,129.6
"Kennebec County, Maine(6,10)",23011,129.5
"Pickaway County, Ohio(6,10)",39129,129.5
"Washington County, Indiana(6,10)",18175,129.5
"Geauga County, Ohio(6,10)",39055,129.4
"York County, South Carolina(6,10)",45091,129.4
"Knox County, Nebraska(6,10)",31107,129.4
"Nolan County, Texas(6,10)",48353,129.4
"Allen County, Indiana(6,10)",18003,129.3
"Sutter County, California(7,9)",6101,129.3
"Berkeley County, South Carolina(6,10)",45015,129.2
"Union County, North Carolina(6,10)",37179,129.2
"Niagara County, New York(6,10)",36063,129.1
"Clarke County, Georgia(7,9)",13059,129.1
"Montezuma County, Colorado(6,10)",8083,129.1
"Creek County, Oklahoma(6,10)",40037,129.1
"Shelby County, Alabama(6,10)",1117,129.1
"White County, Georgia(7,9)",13311,129.1
"Harnett County, North Carolina(6,10)",37085,129
"Cass County, Missouri(6,10)",29037,129
"Nash County, North Carolina(6,10)",37127,128.9
"Park County, Montana(6,10)",30067,128.9
"Marion County, Florida(6,10)",12083,128.9
"Hinds County, Mississippi(6,10)",28049,128.9
"Jackson County, Missouri(6,10)",29095,128.9
"Vilas County, Wisconsin(6,10)",55125,128.9
"Kodiak Island Borough, Alaska(6,10)",2150,128.8
"Delta County, Texas(6,10)",48119,128.8
"Kay County, Oklahoma(6,10)",40071,128.8
"Macon County, Tennessee(6,10)",47111,128.7
"Comal County, Texas(6,10)",48091,128.7
"Fountain County, Indiana(6,10)",18045,128.7
"Caswell County, North Carolina(6,10)",37033,128.7
"St. Landry Parish, Louisiana(7,9)",22097,128.7
"Clermont County, Ohio(6,10)",39025,128.6
"Grafton County, New Hampshire(6,10)",33009,128.6
"Montgomery County, Alabama(6,10)",1101,128.5
"Cowlitz County, Washington(6,10)",53015,128.5
"Washtenaw County, Michigan(6,10)",26161,128.5 #  
"Warren County, Indiana(6,10)",18171,128.5
"Montgomery County, New York(6,10)",36057,128.5
"Howard County, Nebraska(6,10)",31093,128.5
"Cumberland County, New Jersey(7,8)",34011,128.5
"Logan County, Ohio(6,10)",39091,128.4
"Muscatine County, Iowa(7,8)",19139,128.4
"Alexander County, North Carolina(6,10)",37003,128.4
"Pueblo County, Colorado(6,10)",8101,128.4
"Polk County, Georgia(7,9)",13233,128.3
"Davie County, North Carolina(6,10)",37059,128.3
"Flagler County, Florida(6,10)",12035,128.3
"Cherokee County, Georgia(7,9)",13057,128.3
"Richmond County, North Carolina(6,10)",37153,128.3
"Cibola County, New Mexico(7,8)",35006,128.3
"Knox County, Tennessee(6,10)",47093,128.2
"Franklin County, North Carolina(6,10)",37069,128.2
"Linn County, Iowa(7,8)",19113,128.2
"Mackinac County, Michigan(6,10)",26097,128.2 #  
"Laramie County, Wyoming(6,10)",56021,128.1
"Gratiot County, Michigan(6,10)",26057,128.1 #  
"Florence County, Wisconsin(6,10)",55037,128.1
"Hickman County, Tennessee(6,10)",47081,128.1
"Bibb County, Georgia(7,9)",13021,128.1
"Lake County, Indiana(6,10)",18089,128.1
"Tippecanoe County, Indiana(6,10)",18157,128
"Quay County, New Mexico(7,8)",35037,128
"Hocking County, Ohio(6,10)",39073,128
"Ector County, Texas(6,10)",48135,128
"Tioga County, New York(6,10)",36107,128
"Gaston County, North Carolina(6,10)",37071,128
"Lincoln County, Wisconsin(6,10)",55069,127.9
"Woodruff County, Arkansas(6,10)",5147,127.9
"Chester County, South Carolina(6,10)",45023,127.9
"Dorchester County, Maryland(6,10)",24019,127.8
"Ocean County, New Jersey(7,8)",34029,127.8
"Madison County, Nebraska(6,10)",31119,127.8
"Lincoln County, South Dakota(6,10)",46083,127.8
"Washington County, Vermont(6,10)",50023,127.8
"Escambia County, Florida(6,10)",12033,127.8
"Butler County, Missouri(6,10)",29023,127.7
"Audrain County, Missouri(6,10)",29007,127.7
"Marion County, Indiana(6,10)",18097,127.7
"Twin Falls County, Idaho(6,10)",16083,127.7
"Pierce County, Georgia(7,9)",13229,127.7
"Butler County, Nebraska(6,10)",31023,127.6
"Marion County, Iowa(7,8)",19125,127.6
"Ashland County, Ohio(6,10)",39005,127.6
"Williamsburg County, South Carolina(6,10)",45089,127.6
"Holmes County, Mississippi(6,10)",28051,127.6
"Jefferson County, Washington(7,8)",53031,127.5
"Tarrant County, Texas(6,10)",48439,127.5
"Carteret County, North Carolina(6,10)",37031,127.4
"Montgomery County, Ohio(6,10)",39113,127.4
"Schoharie County, New York(6,10)",36095,127.4
"Hudson County, New Jersey(7,8)",34017,127.4
"Harrison County, Missouri(6,10)",29081,127.4
"Calhoun County, South Carolina(6,10)",45017,127.4
"Macon County, Alabama(6,10)",1087,127.4
"Hillsborough County, Florida(6,10)",12057,127.3
"Sioux County, Iowa(7,8)",19167,127.3
"Wilbarger County, Texas(6,10)",48487,127.3
"Bell County, Texas(6,10)",48027,127.3
"Benton County, Iowa(7,8)",19011,127.3
"Davis County, Utah(7,8)",49011,127.2
"Palm Beach County, Florida(6,10)",12099,127.2
"Wilson County, North Carolina(6,10)",37195,127.2
"Rabun County, Georgia(7,9)",13241,127.1
"Buchanan County, Iowa(7,8)",19019,127.1
"Ontario County, New York(6,10)",36069,127.1
"Washington County, Texas(6,10)",48477,127.1
"Potter County, Texas(6,10)",48375,127.1
"Grant County, Washington(6,10)",53025,127
"Franklin County, Vermont(6,10)",50011,127
"Blaine County, Oklahoma(6,10)",40011,127
"Latah County, Idaho(6,10)",16057,127
"Putnam County, West Virginia(6,10)",54079,127
"Athens County, Ohio(6,10)",39009,127
"Pend Oreille County, Washington(6,10)",53051,127
"Ray County, Missouri(6,10)",29177,127
"Chickasaw County, Mississippi(6,10)",28017,127
"Cherokee County, Texas(6,10)",48073,127
"Taylor County, Texas(6,10)",48441,126.9
"Wood County, Wisconsin(6,10)",55141,126.9
"Maricopa County, Arizona(6,10)",4013,126.9
"Chelan County, Washington(6,10)",53007,126.8
"La Plata County, Colorado(6,10)",8067,126.7
"Polk County, Florida(6,10)",12105,126.7
"Coos County, Oregon(6,10)",41011,126.7
"Kalamazoo County, Michigan(6,10)",26077,126.7 #  
"Lamar County, Alabama(6,10)",1075,126.7
"Lexington County, South Carolina(6,10)",45063,126.7
"Rutland County, Vermont(6,10)",50021,126.6
"Jefferson County, Georgia(7)",13163,126.6
"Greene County, Missouri(6,10)",29077,126.6
"Yakima County, Washington(6,10)",53077,126.5
"Canadian County, Oklahoma(6,10)",40017,126.5
"Shiawassee County, Michigan(6,10)",26155,126.5 #  
"Warren County, New York(6,10)",36113,126.5
"Beaufort County, South Carolina(6,10)",45013,126.5
"Mason County, Washington(7,8)",53045,126.5
"Yancey County, North Carolina(6,10)",37199,126.4
"Modoc County, California(7,9)",6049,126.4
"Iberia Parish, Louisiana(7,9)",22045,126.4
"Wayne County, Missouri(6,10)",29223,126.4
"Grundy County, Iowa(7,8)",19075,126.4
"Waupaca County, Wisconsin(6,10)",55135,126.4
"Sauk County, Wisconsin(6,10)",55111,126.3
"Orange County, Florida(6,10)",12095,126.3
"Morehouse Parish, Louisiana(7,9)",22067,126.3
"Wilson County, Tennessee(6,10)",47189,126.3
"Logan County, Oklahoma(6,10)",40083,126.3
"Lincoln County, North Carolina(6,10)",37109,126.3
"Eau Claire County, Wisconsin(6,10)",55035,126.2
"Runnels County, Texas(6,10)",48399,126.1
"Val Verde County, Texas(6,10)",48465,126.1
"Oconee County, South Carolina(6,10)",45073,126.1
"West Baton Rouge Parish, Louisiana(7,9)",22121,126.1
"Cape May County, New Jersey(7,8)",34009,126.1
"Riverside County, California(7,9)",6065,126.1
"Merced County, California(7,9)",6047,126
"Randall County, Texas(6,10)",48381,126
"Orleans County, Vermont(6,10)",50019,126
"Sullivan County, New Hampshire(6,10)",33019,126
"Stanislaus County, California(7,9)",6099,126
"Porter County, Indiana(6,10)",18127,125.9
"Galveston County, Texas(6,10)",48167,125.9
"San Bernardino County, California(7,9)",6071,125.9
"Mingo County, West Virginia(6,10)",54059,125.9
"Morrill County, Nebraska(6,10)",31123,125.9
"Monroe County, West Virginia(6,10)",54063,125.9
"Dakota County, Nebraska(6,10)",31043,125.9
"Rensselaer County, New York(6,10)",36083,125.9
"Barnwell County, South Carolina(6,10)",45011,125.8
"Genesee County, Michigan(6,10)",26049,125.8 #  
"Antelope County, Nebraska(6,10)",31003,125.8
"Izard County, Arkansas(6,10)",5065,125.7
"DeKalb County, Missouri(6,10)",29063,125.7
"Linn County, Oregon(6,10)",41043,125.7
"Smith County, Texas(6,10)",48423,125.6
"San Joaquin County, California(7,9)",6077,125.6
"Orleans County, New York(6,10)",36073,125.6
"Davidson County, North Carolina(6,10)",37057,125.5
"Kauai County, Hawaii(7,9)",15007,125.5
"Chenango County, New York(6,10)",36017,125.5
"Berkeley County, West Virginia(6,10)",54003,125.5
"DeKalb County, Indiana(6,10)",18033,125.5
"Carroll County, New Hampshire(6,10)",33003,125.5
"Wright County, Iowa(7,8)",19197,125.5
"Meriwether County, Georgia(7,9)",13199,125.5
"Wapello County, Iowa(7,8)",19179,125.4
"Crawford County, Ohio(6,10)",39033,125.4
"Hall County, Georgia(7,9)",13139,125.3
"Cleveland County, Oklahoma(6,10)",40027,125.3
"Scott County, Iowa(7,8)",19163,125.3
"Deschutes County, Oregon(6,10)",41017,125.3
"Butler County, Ohio(6,10)",39017,125.3
"Sarasota County, Florida(6,10)",12115,125.2
"Scurry County, Texas(6,10)",48415,125.2
"Dawson County, Georgia(7,9)",13085,125.2
"Macon County, Georgia(7,9)",13193,125.2
"Bartholomew County, Indiana(6,10)",18005,125.2
"Miller County, Georgia(7,9)",13201,125.2
"Pickens County, South Carolina(6,10)",45077,125.1
"Liberty County, Florida(6,10)",12077,125.1
"Fairbanks North Star, Alaska(6,10)",2090,125.1
"Lincoln County, Oregon(6,10)",41041,125.1
"Franklin County, Georgia(7,9)",13119,125.1
"Marion County, Oregon(6,10)",41047,125
"Mitchell County, Texas(6,10)",48335,125
"Windham County, Vermont(6,10)",50025,124.9
"Frederick County, Maryland(6,10)",24021,124.9
"Hawaii County, Hawaii(7,9)",15001,124.9
"Bartow County, Georgia(7,9)",13015,124.9
"Medina County, Ohio(6,10)",39103,124.9
"Pointe Coupee Parish, Louisiana(7,9)",22077,124.9
"Sussex County, New Jersey(7,8)",34037,124.8
"Portage County, Wisconsin(6,10)",55097,124.8
"Ulster County, New York(6,10)",36111,124.7
"Emmet County, Michigan(6,10)",26047,124.7 #  
"Macomb County, Michigan(7,8)",26099,124.7
"Chowan County, North Carolina(6,10)",37041,124.6
"Perry County, Mississippi(6,10)",28111,124.6
"Scotland County, North Carolina(6,10)",37165,124.6
"Madison County, Alabama(6,10)",1089,124.6
"Clare County, Michigan(6,10)",26035,124.6 #  
"Lancaster County, Nebraska(6,10)",31109,124.5
"Flathead County, Montana(6,10)",30029,124.5
"Monroe County, Indiana(6,10)",18105,124.5
"Calumet County, Wisconsin(6,10)",55015,124.5
"Platte County, Missouri(6,10)",29165,124.4
"Howard County, Arkansas(6,10)",5061,124.4
"Live Oak County, Texas(6,10)",48297,124.4
"Boise County, Idaho(6,10)",16015,124.4
"Harrison County, Indiana(6,10)",18061,124.3
"Brazoria County, Texas(6,10)",48039,124.3
"Crawford County, Missouri(6,10)",29055,124.3
"Gordon County, Georgia(7,9)",13129,124.3
"Guadalupe County, Texas(6,10)",48187,124.3
"Mono County, California(7,9)",6051,124.2
"Seneca County, New York(6,10)",36099,124.2
"Coffee County, Alabama(6,10)",1031,124.2
"Osage County, Missouri(6,10)",29151,124.2
"Rutherford County, North Carolina(6,10)",37161,124.1
"Hamblen County, Tennessee(6,10)",47063,124.1
"Webster County, Mississippi(6,10)",28155,124.1
"Union County, Georgia(7,9)",13291,124.1
"Monona County, Iowa(7,8)",19133,124.1
"Chemung County, New York(6,10)",36015,124
"Ingham County, Michigan(6,10)",26065,124 #  
"Hughes County, Oklahoma(6,10)",40063,124
"Clark County, Wisconsin(6,10)",55019,124
"Jay County, Indiana(6,10)",18075,124
"Webster County, West Virginia(6,10)",54101,123.9
"Raleigh County, West Virginia(6,10)",54081,123.9
"Allegany County, Maryland(6,10)",24001,123.8
"Cass County, Nebraska(6,10)",31025,123.7
"Columbia County, Georgia(7,9)",13073,123.7
"Robertson County, Tennessee(6,10)",47147,123.6
"Rutherford County, Tennessee(6,10)",47149,123.6
"Cass County, Indiana(6,10)",18017,123.6
"Treutlen County, Georgia(7,9)",13283,123.6
"Rio Blanco County, Colorado(6,10)",8103,123.5
"Scioto County, Ohio(6,10)",39145,123.5
"Sanders County, Montana(6,10)",30089,123.4
"Callaway County, Missouri(6,10)",29027,123.4
"Van Buren County, Arkansas(6,10)",5141,123.4
"Lorain County, Ohio(6,10)",39093,123.4
"New Hanover County, North Carolina(6,10)",37129,123.4
"St. Joseph County, Indiana(6,10)",18141,123.4
"Walla Walla County, Washington(6,10)",53071,123.3
"Custer County, Colorado(6,10)",8027,123.3
"Harrison County, Mississippi(6,10)",28047,123.3
"Henry County, Georgia(7,9)",13151,123.3
"Jones County, North Carolina(6,10)",37103,123.3
"Litchfield County, Connecticut(7,8)",9005,123.3
"Tattnall County, Georgia(7,9)",13267,123.3
"St. Louis City, Missouri(6,10)",29510,123.2
"Iberville Parish, Louisiana(7,9)",22047,123.2
"Franklin County, Iowa(7,8)",19069,123.2
"Houston County, Georgia(7,9)",13153,123.2
"Clay County, Florida(6,10)",12019,123.2
"Buchanan County, Missouri(6,10)",29021,123.2
"Natrona County, Wyoming(6,10)",56025,123.2
"Lee County, Mississippi(6,10)",28081,123.1
"Knox County, Maine(6,10)",23013,123.1
"Madison County, North Carolina(6,10)",37115,123.1
"Logan County, Colorado(6,10)",8075,123.1
"Bremer County, Iowa(7,8)",19017,123.1
"Richardson County, Nebraska(6,10)",31147,123.1
"Camden County, Missouri(6,10)",29029,123.1
"Elmore County, Alabama(6,10)",1051,123
"Washington County, Mississippi(6,10)",28151,123
"Glynn County, Georgia(7,9)",13127,123
"McCook County, South Dakota(6,10)",46087,123
"Kingfisher County, Oklahoma(6,10)",40073,122.9
"Burke County, North Carolina(6,10)",37023,122.9
"Crawford County, Arkansas(6,10)",5033,122.8
"Clay County, Nebraska(6,10)",31035,122.8
"El Paso County, Colorado(6,10)",8041,122.7
"Perry County, Indiana(6,10)",18123,122.7
"Gage County, Nebraska(6,10)",31067,122.7
"Charlevoix County, Michigan(6,10)",26029,122.7 #  
"Lee County, Iowa(7,8)",19111,122.7
"Paulding County, Georgia(7,9)",13223,122.6
"Sampson County, North Carolina(6,10)",37163,122.6
"Oklahoma County, Oklahoma(6,10)",40109,122.6
"Ohio County, West Virginia(6,10)",54069,122.6
"Floyd County, Georgia(7,9)",13115,122.6
"Jefferson County, Oregon(6,10)",41031,122.6
"Fairfield County, Ohio(6,10)",39045,122.5
"Cumberland County, North Carolina(6,10)",37051,122.5
"Franklin County, Alabama(6,10)",1059,122.5
"Sullivan County, Tennessee(6,10)",47163,122.5
"San Miguel County, Colorado(6,10)",8113,122.5
"Blount County, Tennessee(6,10)",47009,122.3
"Summit County, Utah(7,8)",49043,122.3
"Duplin County, North Carolina(6,10)",37061,122.3
"Jasper County, Indiana(6,10)",18073,122.3
"Aiken County, South Carolina(6,10)",45003,122.2
"Dawson County, Texas(6,10)",48115,122.2
"Seminole County, Florida(6,10)",12117,122.2
"Dearborn County, Indiana(6,10)",18029,122.2
"Putnam County, Florida(6,10)",12107,122.1
"Routt County, Colorado(6,10)",8107,122.1
"Coconino County, Arizona(6,10)",4005,122.1
"Rock County, Wisconsin(6,10)",55105,122.1
"Towns County, Georgia(7,9)",13281,122.1
"Kenosha County, Wisconsin(6,10)",55059,122.1
"Franklin County, Idaho(6,10)",16041,122
"Ferry County, Washington(6,10)",53019,122
"Phillips County, Arkansas(6,10)",5107,121.9
"Spalding County, Georgia(7,9)",13255,121.9
"Brown County, Wisconsin(6,10)",55009,121.9
"Madison County, Tennessee(6,10)",47113,121.8
"Rankin County, Mississippi(6,10)",28121,121.8
"Kendall County, Texas(6,10)",48259,121.8
"McDowell County, North Carolina(6,10)",37111,121.8
"Mobile County, Alabama(6,10)",1097,121.8
"Beadle County, South Dakota(6,10)",46005,121.7
"Pinellas County, Florida(6,10)",12103,121.7
"Gilpin County, Colorado(6,10)",8047,121.7
"Rio Arriba County, New Mexico(7,8)",35039,121.6
"Bollinger County, Missouri(6,10)",29017,121.6
"Fremont County, Colorado(6,10)",8043,121.6
"Baker County, Oregon(6,10)",41001,121.6
"Hancock County, Maine(6,10)",23009,121.6
"Washington County, Ohio(6,10)",39167,121.6
"Cheboygan County, Michigan(6,10)",26031,121.5 #  
"Ravalli County, Montana(6,10)",30081,121.5
"Prowers County, Colorado(6,10)",8099,121.5
"Newton County, Indiana(6,10)",18111,121.5
"Pitt County, North Carolina(6,10)",37147,121.5
"Tipton County, Tennessee(6,10)",47167,121.5
"Tucker County, West Virginia(6,10)",54093,121.5
"Williamson County, Texas(6,10)",48491,121.4
"Newton County, Georgia(7,9)",13217,121.4
"Sabine Parish, Louisiana(7,9)",22085,121.4
"Greer County, Oklahoma(6,10)",40055,121.4
"Union County, Ohio(6,10)",39159,121.4
"Randolph County, Indiana(6,10)",18135,121.4
"Caldwell County, Texas(6,10)",48055,121.3
"Benton County, Missouri(6,10)",29015,121.3
"Stanly County, North Carolina(6,10)",37167,121.3
"Tooele County, Utah(7,8)",49045,121.3
"Wayne County, North Carolina(6,10)",37191,121.2
"Hardin County, Ohio(6,10)",39065,121.2
"Lowndes County, Georgia(7,9)",13185,121.2
"Chautauqua County, New York(6,10)",36013,121.2
"Putnam County, Tennessee(6,10)",47141,121.2
"St. Martin Parish, Louisiana(7,9)",22099,121.2
"Kent County, Maryland(6,10)",24029,121.1
"Colbert County, Alabama(6,10)",1033,121.1
"Christian County, Missouri(6,10)",29043,121.1
"Stevens County, Washington(6,10)",53065,121.1
"Ripley County, Missouri(6,10)",29181,121.1
"Keokuk County, Iowa(7,8)",19107,121.1
"Black Hawk County, Iowa(7,8)",19013,121.1
"Kosciusko County, Indiana(6,10)",18085,121.1
"Acadia Parish, Louisiana(7,9)",22001,121
"Orangeburg County, South Carolina(6,10)",45075,120.9
"Pike County, Indiana(6,10)",18125,120.9
"Queen Annes County, Maryland(6,10)",24035,120.9
"Pottawattamie County, Iowa(7,8)",19155,120.9
"Douglas County, Georgia(7,9)",13097,120.9
"Bennington County, Vermont(6,10)",50003,120.8
"Noble County, Indiana(6,10)",18113,120.8
"Campbell County, Tennessee(6,10)",47013,120.7
"Musselshell County, Montana(6,10)",30065,120.6
"Fillmore County, Nebraska(6,10)",31059,120.6
"Hancock County, Indiana(6,10)",18059,120.6
"Windsor County, Vermont(6,10)",50027,120.6
"Lake County, Florida(6,10)",12069,120.6
"Hertford County, North Carolina(6,10)",37091,120.6
"Broomfield County, Colorado(6,10)",8014,120.6
"Jackson County, West Virginia(6,10)",54035,120.5
"El Paso County, Texas(6,10)",48141,120.5
"Hill County, Montana(6,10)",30041,120.5
"LaFourche Parish, Louisiana(7,9)",22057,120.5
"Fulton County, Indiana(6,10)",18049,120.4
"Carroll County, Georgia(7,9)",13045,120.4
"Jefferson County, Ohio(6,10)",39081,120.4
"Monroe County, Georgia(7,9)",13207,120.3
"Johnson County, Wyoming(6,10)",56019,120.3
"Burt County, Nebraska(6,10)",31021,120.3
"Pottawatomie County, Oklahoma(6,10)",40125,120.3
"Licking County, Ohio(6,10)",39089,120.3
"Dunn County, Wisconsin(6,10)",55033,120.3
"Grand Isle County, Vermont(6,10)",50013,120.2
"McCurtain County, Oklahoma(6,10)",40089,120.2
"Cayuga County, New York(6,10)",36011,120.2
"Harris County, Georgia(7,9)",13145,120.2
"Hamilton County, Tennessee(6,10)",47065,120.2
"Adams County, Colorado(6,10)",8001,120.2
"Yavapai County, Arizona(6,10)",4025,120.2
"Nez Perce County, Idaho(6,10)",16069,120.1
"Tulare County, California(7,9)",6107,120.1
"Georgetown County, South Carolina(6,10)",45043,120.1
"Onslow County, North Carolina(6,10)",37133,120.1
"Leon County, Texas(6,10)",48289,120.1
"Whitman County, Washington(6,10)",53075,120
"Rogers County, Oklahoma(6,10)",40131,120
"Putnam County, Georgia(7)",13237,120
"Tehama County, California(7,9)",6103,120
"Clayton County, Iowa(7,8)",19043,120
"Elbert County, Colorado(6,10)",8039,120
"Kaufman County, Texas(6,10)",48257,119.9
"Lewis County, Missouri(6,10)",29111,119.9
"Trinity County, California(7,9)",6105,119.9
"Cumberland County, Tennessee(6,10)",47035,119.9
"Chariton County, Missouri(6,10)",29041,119.9
"Grant County, Indiana(6,10)",18053,119.9
"Missoula County, Montana(6,10)",30063,119.8
"Dade County, Missouri(6,10)",29057,119.8
"Okaloosa County, Florida(6,10)",12091,119.8
"Madison County, New York(6,10)",36053,119.8
"Burke County, Georgia(7,9)",13033,119.8
"Crook County, Oregon(6,10)",41013,119.8
"Chambers County, Texas(6,10)",48071,119.8
"Montgomery County, Mississippi(6,10)",28097,119.8
"Johnson County, Indiana(6,10)",18081,119.8
"Salt Lake County, Utah(7,8)",49035,119.8
"Prince Georges County, Maryland(6,10)",24033,119.8
"Stephens County, Oklahoma(6,10)",40137,119.7
"Lucas County, Iowa(7,8)",19117,119.7
"Spink County, South Dakota(6,10)",46115,119.7
"Matanuska-Susitna Borough, Alaska(6,10)",2170,119.7
"Cherokee County, South Carolina(6,10)",45021,119.7
"Payne County, Oklahoma(6,10)",40119,119.6
"Andrews County, Texas(6,10)",48003,119.6
"Weld County, Colorado(6,10)",8123,119.6
"Webster Parish, Louisiana(7,9)",22119,119.6
"Caldwell County, North Carolina(6,10)",37027,119.6
"Madison County, Georgia(7,9)",13195,119.6
"Osceola County, Florida(6,10)",12097,119.6
"Brule County, South Dakota(6,10)",46015,119.6
"Clinton County, Missouri(6,10)",29049,119.5
"Santa Rosa County, Florida(6,10)",12113,119.5
"Lemhi County, Idaho(6,10)",16059,119.4
"Jasper County, South Carolina(6,10)",45053,119.4
"Grant County, Oklahoma(6,10)",40053,119.4
"Allen Parish, Louisiana(7,9)",22003,119.4
"Morgan County, West Virginia(6,10)",54065,119.4
"Ware County, Georgia(7,9)",13299,119.3
"Bedford County, Tennessee(6,10)",47003,119.3
"Powell County, Montana(6,10)",30077,119.2
"Coos County, New Hampshire(6,10)",33007,119.2
"Yalobusha County, Mississippi(6,10)",28161,119.2
"Marion County, Arkansas(6,10)",5089,119.2
"Surry County, North Carolina(6,10)",37171,119.2
"Clay County, Indiana(6,10)",18021,119.2
"Faulkner County, Arkansas(6,10)",5045,119.2
"Uinta County, Wyoming(6,10)",56041,119.1
"Calcasieu Parish, Louisiana(7,9)",22019,119.1
"Okmulgee County, Oklahoma(6,10)",40111,119
"Yellowstone County, Montana(6,10)",30111,118.9
"Conway County, Arkansas(6,10)",5029,118.9
"Union County, Tennessee(6,10)",47173,118.8
"Union County, Iowa(7,8)",19175,118.8
"Hill County, Texas(6,10)",48217,118.8
"Franklin Parish, Louisiana(7,9)",22041,118.8
"Platte County, Nebraska(6,10)",31141,118.7
"Freestone County, Texas(6,10)",48161,118.7
"Clark County, Indiana(6,10)",18019,118.7
"Lumpkin County, Georgia(7,9)",13187,118.7
"Midland County, Texas(6,10)",48329,118.6
"Champaign County, Ohio(6,10)",39021,118.6
"Taylor County, Florida(6,10)",12123,118.6
"Delaware County, Iowa(7,8)",19055,118.6
"Cedar County, Iowa(7,8)",19031,118.5
"Kern County, California(7,9)",6029,118.5
"Clinton County, Iowa(7,8)",19045,118.5
"Ouachita Parish, Louisiana(7,9)",22073,118.5
"Decatur County, Iowa(7,8)",19053,118.5
"Seneca County, Ohio(6,10)",39147,118.4
"Arenac County, Michigan(6,10)",26011,118.4 #  
"Tate County, Mississippi(6,10)",28137,118.4
"Mahoning County, Ohio(6,10)",39099,118.4
"Winneshiek County, Iowa(7,8)",19191,118.3
"Lamar County, Texas(6,10)",48277,118.3
"Madera County, California(7,9)",6039,118.3
"Lee County, Alabama(6,10)",1081,118.3
"Levy County, Florida(6,10)",12075,118.3
"Johnston County, North Carolina(6,10)",37101,118.3
"Wayne County, Georgia(7,9)",13305,118.2
"Scott County, Indiana(6,10)",18143,118.2
"Sandusky County, Ohio(6,10)",39143,118.2
"Columbiana County, Ohio(6,10)",39029,118.1
"Jefferson County, Tennessee(6,10)",47089,118.1
"Charles County, Maryland(6,10)",24017,118.1
"Lancaster County, South Carolina(6,10)",45057,118.1
"Leon County, Florida(6,10)",12073,118.1
"Howard County, Texas(6,10)",48227,118
"Moffat County, Colorado(6,10)",8081,118
"Jackson County, North Carolina(6,10)",37099,118
"Summit County, Ohio(6,10)",39153,118
"Pettis County, Missouri(6,10)",29159,118
"Eagle County, Colorado(6,10)",8037,117.9
"Allen County, Ohio(6,10)",39003,117.9
"Mendocino County, California(7,9)",6045,117.9
"Lewis County, West Virginia(6,10)",54041,117.9
"Wyandot County, Ohio(6,10)",39175,117.9
"Calhoun County, Texas(6,10)",48057,117.9
"Habersham County, Georgia(7,9)",13137,117.8
"Baldwin County, Alabama(6,10)",1003,117.8
"Evans County, Georgia(7,9)",13109,117.8
"Alger County, Michigan(6,10)",26003,117.8 #  
"Sebastian County, Arkansas(6,10)",5131,117.8
"Oconto County, Wisconsin(6,10)",55083,117.8
"Van Buren County, Tennessee(6,10)",47175,117.8
"Gibson County, Tennessee(6,10)",47053,117.7
"Tangipahoa Parish, Louisiana(7,9)",22105,117.7
"Pike County, Ohio(6,10)",39131,117.7
"Lee County, Georgia(7,9)",13177,117.7
"Putnam County, Ohio(6,10)",39137,117.7
"Taney County, Missouri(6,10)",29213,117.7
"Jasper County, Missouri(6,10)",29097,117.7
"Sevier County, Tennessee(6,10)",47155,117.6
"Davison County, South Dakota(6,10)",46035,117.6
"Chouteau County, Montana(6,10)",30015,117.6
"Coweta County, Georgia(7,9)",13077,117.6
"Ellis County, Texas(6,10)",48139,117.6
"McLennan County, Texas(6,10)",48309,117.6
"St. Clair County, Michigan(6,10)",26147,117.6 #  
"Clay County, Texas(6,10)",48077,117.5
"Oneida County, New York(6,10)",36065,117.5
"Walton County, Georgia(7,9)",13297,117.5
"Pearl River County, Mississippi(6,10)",28109,117.4
"Liberty County, Georgia(7,9)",13179,117.4
"Greene County, Tennessee(6,10)",47059,117.4
"Clinton County, Ohio(6,10)",39027,117.3
"Bingham County, Idaho(6,10)",16011,117.3
"Swain County, North Carolina(6,10)",37173,117.3
"Haywood County, North Carolina(6,10)",37087,117.3
"Peach County, Georgia(7,9)",13225,117.3
"Sagadahoc County, Maine(6,10)",23023,117.3
"Stone County, Mississippi(6,10)",28131,117.3
"Morgan County, Colorado(6,10)",8087,117.2
"Lonoke County, Arkansas(6,10)",5085,117.2
"George County, Mississippi(6,10)",28039,117.2
"Brown County, South Dakota(6,10)",46013,117.1
"Payette County, Idaho(6,10)",16075,117.1
"Nueces County, Texas(6,10)",48355,117.1
"Bienville Parish, Louisiana(7,9)",22013,117.1
"Miami County, Ohio(6,10)",39109,117
"Jackson County, Mississippi(6,10)",28059,117
"Huron County, Ohio(6,10)",39077,117
"Salem County, New Jersey(7,8)",34033,116.9
"Lenawee County, Michigan(6,10)",26091,116.9 #  
"Rio Grande County, Colorado(6,10)",8105,116.9
"Ashtabula County, Ohio(6,10)",39007,116.8
"Hays County, Texas(6,10)",48209,116.8
"Jefferson County, New York(6,10)",36045,116.8
"Horry County, South Carolina(6,10)",45051,116.8
"Baxter County, Arkansas(6,10)",5005,116.8
"Park County, Wyoming(6,10)",56029,116.8
"Shawano County, Wisconsin(6,10)",55115,116.7
"Chilton County, Alabama(6,10)",1021,116.7
"Laurens County, South Carolina(6,10)",45059,116.7
"Lawrence County, Ohio(6,10)",39087,116.7
"Morgan County, Alabama(6,10)",1103,116.6
"Franklin County, Washington(6,10)",53021,116.6
"Wood County, Ohio(6,10)",39173,116.6
"Stark County, Ohio(6,10)",39151,116.6
"Milam County, Texas(6,10)",48331,116.6
"Marshall County, West Virginia(6,10)",54051,116.6
"Cotton County, Oklahoma(6,10)",40033,116.6
"Clay County, Mississippi(6,10)",28025,116.5
"Bryan County, Georgia(7,9)",13029,116.5
"Dale County, Alabama(6,10)",1045,116.5
"Comanche County, Oklahoma(6,10)",40031,116.5
"Ionia County, Michigan(6,10)",26067,116.5 #  
"Brevard County, Florida(6,10)",12009,116.4
"Franklin County, New York(6,10)",36033,116.4
"Garland County, Arkansas(6,10)",5051,116.4
"Lafayette County, Missouri(6,10)",29107,116.4
"Sevier County, Utah(7,8)",49041,116.4
"Cullman County, Alabama(6,10)",1043,116.3
"Cassia County, Idaho(6,10)",16031,116.3
"Otero County, Colorado(6,10)",8089,116.2
"Craven County, North Carolina(6,10)",37049,116.2
"Caldwell County, Missouri(6,10)",29025,116.2
"Wexford County, Michigan(6,10)",26165,116.1 #  
"Fayette County, West Virginia(6,10)",54019,116.1
"Saline County, Missouri(6,10)",29195,116.1
"Grayson County, Texas(6,10)",48181,116.1
"Madison County, Indiana(6,10)",18095,116
"Williams County, Ohio(6,10)",39171,116
"Eaton County, Michigan(6,10)",26045,116 #  
"St. Charles Parish, Louisiana(7,9)",22089,115.9
"Cecil County, Maryland(6,10)",24015,115.9
"Person County, North Carolina(6,10)",37145,115.9
"Jones County, Georgia(7,9)",13169,115.9
"Jackson County, Oklahoma(6,10)",40065,115.9
"Victoria County, Texas(6,10)",48469,115.9
"Limestone County, Alabama(6,10)",1083,115.8
"Vernon County, Wisconsin(6,10)",55123,115.8
"Burnett County, Wisconsin(6,10)",55013,115.8
"Otero County, New Mexico(7,8)",35035,115.7
"Chase County, Nebraska(6,10)",31029,115.7
"Dodge County, Georgia(7,9)",13091,115.7
"Orange County, Indiana(6,10)",18117,115.7
"Jackson County, Michigan(6,10)",26075,115.7 #  
"Manitowoc County, Wisconsin(6,10)",55071,115.7
"Claiborne Parish, Louisiana(7,9)",22027,115.6
"Aransas County, Texas(6,10)",48007,115.6
"Klamath County, Oregon(6,10)",41035,115.5
"Phelps County, Missouri(6,10)",29161,115.5
"Orange County, Vermont(6,10)",50017,115.5
"Hale County, Alabama(6,10)",1065,115.5
"Laurens County, Georgia(7,9)",13175,115.5
"Putnam County, Indiana(6,10)",18133,115.5
"Cerro Gordo County, Iowa(7,8)",19033,115.4
"Mariposa County, California(7,9)",6043,115.4
"Morris County, Texas(6,10)",48343,115.4
"Alleghany County, North Carolina(6,10)",37005,115.4
"Smith County, Tennessee(6,10)",47159,115.4
"Delaware County, Indiana(6,10)",18035,115.4
"Ross County, Ohio(6,10)",39141,115.4
"Saline County, Arkansas(6,10)",5125,115.4
"Fayette County, Iowa(7,8)",19065,115.4
"Trumbull County, Ohio(6,10)",39155,115.3
"Humboldt County, California(7,9)",6023,115.3
"Elkhart County, Indiana(6,10)",18039,115.3
"Tama County, Iowa(7,8)",19171,115.2
"Mohave County, Arizona(6,10)",4015,115.2
"Chambers County, Alabama(6,10)",1017,115.2
"Jefferson County, Missouri(6,10)",29099,115.1
"Harrison County, Texas(6,10)",48203,115.1
"Iowa County, Wisconsin(6,10)",55049,115.1
"Monroe County, Florida(6,10)",12087,115.1
"Portage County, Ohio(6,10)",39133,115
"Herkimer County, New York(6,10)",36043,115
"Defiance County, Ohio(6,10)",39039,115
"Kanawha County, West Virginia(6,10)",54039,115
"Poweshiek County, Iowa(7,8)",19157,115
"Morgan County, Tennessee(6,10)",47129,114.9
"Hampshire County, West Virginia(6,10)",54027,114.8
"Howard County, Iowa(7,8)",19089,114.8
"Haywood County, Tennessee(6,10)",47075,114.8
"Adams County, Wisconsin(6,10)",55001,114.8
"Citrus County, Florida(6,10)",12017,114.7
"Bulloch County, Georgia(7,9)",13031,114.7
"Hardee County, Florida(6,10)",12049,114.7
"Benton County, Arkansas(6,10)",5007,114.7
"Sierra County, New Mexico(7,8)",35051,114.7
"Volusia County, Florida(6,10)",12127,114.7
"Robeson County, North Carolina(6,10)",37155,114.6
"Wells County, Indiana(6,10)",18179,114.6
"Polk County, Missouri(6,10)",29167,114.5
"Johnson County, Missouri(6,10)",29101,114.5
"Allamakee County, Iowa(7,8)",19005,114.5
"Beauregard Parish, Louisiana(7,9)",22011,114.5
"Clinton County, Indiana(6,10)",18023,114.5
"Noble County, Ohio(6,10)",39121,114.5
"Jerome County, Idaho(6,10)",16053,114.5
"Northampton County, North Carolina(6,10)",37131,114.4
"Livingston County, Michigan(6,10)",26093,114.4 #  
"Carroll County, Arkansas(6,10)",5015,114.4
"Bristol County, Rhode Island(6,10)",44001,114.4
"Graham County, Arizona(6,10)",4009,114.4
"Navarro County, Texas(6,10)",48349,114.4
"Antrim County, Michigan(6,10)",26009,114.4 #  
"Lincoln County, Wyoming(6,10)",56023,114.3
"Transylvania County, North Carolina(6,10)",37175,114.3
"Perry County, Ohio(6,10)",39127,114.3
"Cache County, Utah(7,8)",49005,114.3
"Beckham County, Oklahoma(6,10)",40009,114.3
"Pulaski County, Indiana(6,10)",18131,114.2
"Wakulla County, Florida(6,10)",12129,114.2
"DeWitt County, Texas(6,10)",48123,114.2
"Madison County, Ohio(6,10)",39097,114.2
"Lincoln County, Maine(6,10)",23015,114.2
"Polk County, Tennessee(6,10)",47139,114.1
"Colquitt County, Georgia(7,9)",13071,114.1
"Obion County, Tennessee(6,10)",47131,114
"Maury County, Tennessee(6,10)",47119,114
"DeSoto County, Mississippi(6,10)",28033,114
"Canyon County, Idaho(6,10)",16027,114
"Roane County, Tennessee(6,10)",47145,113.9
"Huerfano County, Colorado(6,10)",8055,113.9
"Mercer County, West Virginia(6,10)",54055,113.9
"Jackson County, Tennessee(6,10)",47087,113.9
"Cherry County, Nebraska(6,10)",31031,113.9
"Gilchrist County, Florida(6,10)",12041,113.8
"Okeechobee County, Florida(6,10)",12093,113.8
"Dona Ana County, New Mexico(7,8)",35013,113.8
"Pontotoc County, Mississippi(6,10)",28115,113.8
"Van Zandt County, Texas(6,10)",48467,113.8
"Monroe County, Mississippi(6,10)",28095,113.7
"McClain County, Oklahoma(6,10)",40087,113.7
"Okanogan County, Washington(6,10)",53047,113.7
"Utah County, Utah(7,8)",49049,113.6
"Waller County, Texas(6,10)",48473,113.6
"Natchitoches Parish, Louisiana(7,9)",22069,113.6
"Jones County, Mississippi(6,10)",28067,113.6
"Kings County, California(7,9)",6031,113.5
"Lafayette County, Mississippi(6,10)",28071,113.5
"Lee County, Florida(6,10)",12071,113.4
"Sweetwater County, Wyoming(6,10)",56037,113.4
"Hancock County, West Virginia(6,10)",54029,113.4
"Bonner County, Idaho(6,10)",16017,113.4
"Manatee County, Florida(6,10)",12081,113.3
"Dixie County, Florida(6,10)",12029,113.3
"Pacific County, Washington(6,10)",53049,113.3
"Conecuh County, Alabama(6,10)",1035,113.3
"Lamar County, Mississippi(6,10)",28073,113.3
"Clay County, North Carolina(6,10)",37043,113.3
"Gladwin County, Michigan(6,10)",26051,113.2 #  
"Douglas County, Washington(6,10)",53017,113.2
"Washington County, Oklahoma(6,10)",40147,113.1
"Darke County, Ohio(6,10)",39037,113.1
"Washington County, Arkansas(6,10)",5143,113
"Grays Harbor County, Washington(7,8)",53027,113
"Wasco County, Oregon(6,10)",41065,113
"Jennings County, Indiana(6,10)",18079,113
"Alamosa County, Colorado(6,10)",8003,113
"Stokes County, North Carolina(6,10)",37169,112.9
"Franklin County, Maine(6,10)",23007,112.9
"Garvin County, Oklahoma(6,10)",40049,112.9
"Ouachita County, Arkansas(6,10)",5103,112.9
"Clinton County, New York(6,10)",36019,112.9
"Claiborne County, Tennessee(6,10)",47025,112.9
"Gasconade County, Missouri(6,10)",29073,112.9
"Muskingum County, Ohio(6,10)",39119,112.9
"Marinette County, Wisconsin(6,10)",55075,112.8
"Midland County, Michigan(6,10)",26111,112.8 #  
"Leelanau County, Michigan(6,10)",26089,112.8 #  
"San Benito County, California(7,9)",6069,112.8
"Hood County, Texas(6,10)",48221,112.7
"Moniteau County, Missouri(6,10)",29135,112.7
"Hamilton County, Texas(6,10)",48193,112.7
"Lane County, Oregon(6,10)",41039,112.7
"Albany County, Wyoming(6,10)",56001,112.7
"Dougherty County, Georgia(7,9)",13095,112.6
"Las Animas County, Colorado(6,10)",8071,112.6
"Lincoln Parish, Louisiana(7,9)",22061,112.6
"Wayne County, Indiana(6,10)",18177,112.5
"Jefferson County, Montana(6,10)",30043,112.5
"St. Lucie County, Florida(6,10)",12111,112.5
"Jefferson County, Florida(6,10)",12065,112.5
"Jefferson County, Arkansas(6,10)",5069,112.4
"Hancock County, Ohio(6,10)",39063,112.3
"Caroline County, Maryland(6,10)",24011,112.3
"Camden County, Georgia(7,9)",13039,112.3
"Wichita County, Texas(6,10)",48485,112.2
"Houston County, Alabama(6,10)",1069,112.2
"Clarke County, Alabama(6,10)",1025,112.2
"Gillespie County, Texas(6,10)",48171,112.2
"Oglethorpe County, Georgia(7,9)",13221,112.2
"Columbia County, New York(6,10)",36021,112.2
"Bradley County, Tennessee(6,10)",47011,112.1
"Mississippi County, Missouri(6,10)",29133,112.1
"Bowie County, Texas(6,10)",48037,112.1
"Grant County, Wisconsin(6,10)",55043,112.1
"St. Croix County, Wisconsin(6,10)",55109,112.1
"Orange County, Texas(6,10)",48361,112
"Livingston Parish, Louisiana(7,9)",22063,112
"Mercer County, Ohio(6,10)",39107,112
"Sullivan County, New York(6,10)",36105,112
"Manistee County, Michigan(6,10)",26101,112 #  
"Harrison County, Iowa(7,8)",19085,112
"Essex County, New York(6,10)",36031,112
"Adams County, Washington(6,10)",53001,112
"Warren County, Tennessee(6,10)",47177,112
"Lincoln County, Missouri(6,10)",29113,112
"Pasco County, Florida(6,10)",12101,111.9
"Richland County, Wisconsin(6,10)",55103,111.9
"Washington County, Maine(6,10)",23029,111.9
"Sumter County, Florida(6,10)",12119,111.9
"Carter County, Tennessee(6,10)",47019,111.9
"Woodbury County, Iowa(7,8)",19193,111.8
"Polk County, Texas(6,10)",48373,111.8
"Limestone County, Texas(6,10)",48293,111.8
"Vinton County, Ohio(6,10)",39163,111.7
"Richland County, Ohio(6,10)",39139,111.7
"Carbon County, Utah(7,8)",49007,111.7
"Karnes County, Texas(6,10)",48255,111.7
"Rapides Parish, Louisiana(7,9)",22079,111.7
"Juneau County, Wisconsin(6,10)",55057,111.6
"Atascosa County, Texas(6,10)",48013,111.6
"Edgefield County, South Carolina(6,10)",45037,111.6
"Dickson County, Tennessee(6,10)",47043,111.6
"Plumas County, California(7,9)",6063,111.6
"Atkinson County, Georgia(7,9)",13003,111.5
"Marshall County, Indiana(6,10)",18099,111.5
"Garfield County, Oklahoma(6,10)",40047,111.5
"Mesa County, Colorado(6,10)",8077,111.5
"Perquimans County, North Carolina(6,10)",37143,111.4
"Roscommon County, Michigan(6,10)",26143,111.4 #  
"Colleton County, South Carolina(6,10)",45029,111.4
"Oxford County, Maine(6,10)",23017,111.3
"Henry County, Iowa(7,8)",19087,111.3
"Pima County, Arizona(6,10)",4019,111.3
"Lubbock County, Texas(6,10)",48303,111.2
"Watauga County, North Carolina(6,10)",37189,111.2
"Caldwell Parish, Louisiana(7,9)",22021,111.2
"Clatsop County, Oregon(6,10)",41007,111.2
"Dubois County, Indiana(6,10)",18037,111.2
"Umatilla County, Oregon(6,10)",41059,111.2
"Noble County, Oklahoma(6,10)",40103,111.1
"Bastrop County, Texas(6,10)",48021,111.1
"Montrose County, Colorado(6,10)",8085,111.1
"Brunswick County, North Carolina(6,10)",37019,111.1
"Lincoln County, Washington(6,10)",53043,111
"Lake County, South Dakota(6,10)",46079,111
"Tom Green County, Texas(6,10)",48451,110.9
"Wayne County, Ohio(6,10)",39169,110.9
"Wayne County, Mississippi(6,10)",28153,110.9
"Mineral County, West Virginia(6,10)",54057,110.9
"Union County, Arkansas(6,10)",5139,110.8
"Marlboro County, South Carolina(6,10)",45069,110.8
"Harney County, Oregon(6,10)",41025,110.8
"Cameron Parish, Louisiana(7,9)",22023,110.7
"Tallahatchie County, Mississippi(6,10)",28135,110.7
"Yuba County, California(7,9)",6115,110.7
"Dodge County, Wisconsin(6,10)",55027,110.7
"Polk County, Nebraska(6,10)",31143,110.7
"Lewis County, Washington(6,10)",53041,110.6
"Sheridan County, Nebraska(6,10)",31161,110.6
"Pasquotank County, North Carolina(6,10)",37139,110.6
"Currituck County, North Carolina(6,10)",37053,110.6
"Androscoggin County, Maine(6,10)",23001,110.6
"Rhea County, Tennessee(6,10)",47143,110.6
"Marion County, Alabama(6,10)",1093,110.5
"Hancock County, Iowa(7,8)",19081,110.5
"Jones County, Texas(6,10)",48253,110.5
"Tuscarawas County, Ohio(6,10)",39157,110.5
"Crenshaw County, Alabama(6,10)",1041,110.5
"Weakley County, Tennessee(6,10)",47183,110.5
"Lincoln County, West Virginia(6,10)",54043,110.5
"Montgomery County, Tennessee(6,10)",47125,110.4
"Pitkin County, Colorado(6,10)",8097,110.4
"Johnson County, Texas(6,10)",48251,110.4
"Box Elder County, Utah(7,8)",49003,110.3
"Bee County, Texas(6,10)",48025,110.3
"Chesterfield County, South Carolina(6,10)",45025,110.3
"Alcorn County, Mississippi(6,10)",28003,110.3
"Warren County, Mississippi(6,10)",28149,110.3
"Ascension Parish, Louisiana(7,9)",22005,110.2
"Malheur County, Oregon(6,10)",41045,110.2
"Lake County, California(7,9)",6033,110.2
"Early County, Georgia(7,9)",13099,110.2
"Lauderdale County, Tennessee(6,10)",47097,110.1
"Hawkins County, Tennessee(6,10)",47073,110
"Fannin County, Georgia(7,9)",13111,110
"Lewis and Clark County, Montana(6,10)",30049,110
"Lee County, Texas(6,10)",48287,110
"Lincoln County, Tennessee(6,10)",47103,110
"Del Norte County, California(7,9)",6015,110
"Ashe County, North Carolina(6,10)",37009,110
"Emanuel County, Georgia(7,9)",13107,110
"Steuben County, New York(6,10)",36101,110
"Terrebonne Parish, Louisiana(7,9)",22109,109.9
"Lawrence County, Missouri(6,10)",29109,109.9
"Caddo Parish, Louisiana(7,9)",22017,109.9
"Webster County, Iowa(7,8)",19187,109.9
"Franklin County, Tennessee(6,10)",47051,109.9
"Wharton County, Texas(6,10)",48481,109.9
"LaPorte County, Indiana(6,10)",18091,109.8
"Vanderburgh County, Indiana(6,10)",18163,109.7
"Gibson County, Indiana(6,10)",18051,109.7
"Juab County, Utah(7,8)",49023,109.6
"McMinn County, Tennessee(6,10)",47107,109.6
"Sabine County, Texas(6,10)",48403,109.6
"Marshall County, Mississippi(6,10)",28093,109.5
"Toombs County, Georgia(7,9)",13279,109.5
"Summers County, West Virginia(6,10)",54089,109.5
"Grundy County, Tennessee(6,10)",47061,109.5
"Grant County, Arkansas(6,10)",5053,109.5
"Stoddard County, Missouri(6,10)",29207,109.5
"Randolph County, West Virginia(6,10)",54083,109.5
"Abbeville County, South Carolina(6,10)",45001,109.4
"Bossier Parish, Louisiana(7,9)",22015,109.4
"Warren County, Missouri(6,10)",29219,109.4
"Coryell County, Texas(6,10)",48099,109.4
"Morgan County, Ohio(6,10)",39115,109.3
"Wood County, West Virginia(6,10)",54107,109.3
"Whitley County, Indiana(6,10)",18183,109.3
"Barron County, Wisconsin(6,10)",55005,109.2
"Mitchell County, North Carolina(6,10)",37121,109.2
"Scotts Bluff County, Nebraska(6,10)",31157,109.2
"St. Bernard Parish, Louisiana(7,9)",22087,109.2
"Medina County, Texas(6,10)",48325,109.2
"Cuming County, Nebraska(6,10)",31039,109.2
"Bay County, Michigan(6,10)",26017,109.1 #  
"Marquette County, Wisconsin(6,10)",55077,109.1
"Hall County, Nebraska(6,10)",31079,109.1
"Hardeman County, Tennessee(6,10)",47069,109
"Madison County, Texas(6,10)",48313,108.9
"Drew County, Arkansas(6,10)",5043,108.9
"Wagoner County, Oklahoma(6,10)",40145,108.9
"Coffee County, Tennessee(6,10)",47031,108.8
"Blount County, Alabama(6,10)",1009,108.8
"Hardin County, Tennessee(6,10)",47071,108.8
"Hancock County, Tennessee(6,10)",47067,108.7
"Kit Carson County, Colorado(6,10)",8063,108.6
"Henry County, Indiana(6,10)",18065,108.6
"Lawrence County, Indiana(6,10)",18093,108.6
"Iron County, Utah(7,8)",49021,108.6
"Navajo County, Arizona(6,10)",4017,108.4
"Hutchinson County, Texas(6,10)",48233,108.3
"Walworth County, South Dakota(6,10)",46129,108.3
"Mills County, Iowa(7,8)",19129,108.3
"Tuscola County, Michigan(6,10)",26157,108.3 #  
"Jefferson County, Iowa(7,8)",19101,108.3
"Dallas County, Missouri(6,10)",29059,108.3
"Grant County, New Mexico(7,8)",35017,108.3
"Muskogee County, Oklahoma(6,10)",40101,108.2
"Marion County, Ohio(6,10)",39101,108.2
"Marion County, Georgia(7,9)",13197,108.2
"Perry County, Arkansas(6,10)",5105,108.2
"Curry County, New Mexico(7,8)",35009,108.1
"Lampasas County, Texas(6,10)",48281,108
"Pittsburg County, Oklahoma(6,10)",40121,108
"Benzie County, Michigan(6,10)",26019,108 #  
"Oswego County, New York(6,10)",36075,107.9
"Preble County, Ohio(6,10)",39135,107.9
"Schoolcraft County, Michigan(6,10)",26153,107.9 #  
"Yuma County, Arizona(6,10)",4027,107.8
"Washington County, North Carolina(6,10)",37187,107.8
"Spencer County, Indiana(6,10)",18147,107.8
"Marion County, Texas(6,10)",48315,107.8
"Sheridan County, Wyoming(6,10)",56033,107.8
"Isabella County, Michigan(6,10)",26073,107.7 #  
"Logan County, West Virginia(6,10)",54045,107.7
"Ralls County, Missouri(6,10)",29173,107.6
"Unicoi County, Tennessee(6,10)",47171,107.5
"Tishomingo County, Mississippi(6,10)",28141,107.5
"Sac County, Iowa(7,8)",19161,107.4
"Klickitat County, Washington(6,10)",53039,107.4
"Posey County, Indiana(6,10)",18129,107.4
"DeKalb County, Tennessee(6,10)",47041,107.4
"Edgecombe County, North Carolina(6,10)",37065,107.4
"Tillamook County, Oregon(6,10)",41057,107.4
"Clark County, Arkansas(6,10)",5019,107.3
"San Juan County, New Mexico(7,8)",35045,107.3
"Scott County, Missouri(6,10)",29201,107.3
"Fergus County, Montana(6,10)",30027,107.3
"Worth County, Georgia(7,9)",13321,107.3
"Huron County, Michigan(6,10)",26063,107.3 #  
"Bon Homme County, South Dakota(6,10)",46009,107.2
"Randolph County, Alabama(6,10)",1111,107.2
"Hillsdale County, Michigan(6,10)",26059,107.1 #  
"Red Willow County, Nebraska(6,10)",31145,107.1
"Montcalm County, Michigan(6,10)",26117,107.1 #  
"Johnson County, Tennessee(6,10)",47091,107.1
"Delaware County, New York(6,10)",36025,107
"Kittitas County, Washington(6,10)",53037,107
"Giles County, Tennessee(6,10)",47055,107
"Hampton County, South Carolina(6,10)",45049,106.9
"Valley County, Montana(6,10)",30105,106.9
"Louisa County, Iowa(7,8)",19115,106.8
"Glades County, Florida(6,10)",12043,106.8
"Prairie County, Arkansas(6,10)",5117,106.8
"Walton County, Florida(6,10)",12131,106.8
"Cleburne County, Arkansas(6,10)",5023,106.8
"Phelps County, Nebraska(6,10)",31137,106.7
"Bannock County, Idaho(6,10)",16005,106.7
"Howard County, Indiana(6,10)",18067,106.6
"Yadkin County, North Carolina(6,10)",37197,106.6
"Nowata County, Oklahoma(6,10)",40105,106.6
"Campbell County, Wyoming(6,10)",56005,106.5
"Scott County, Tennessee(6,10)",47151,106.5
"LaGrange County, Indiana(6,10)",18087,106.5
"Brazos County, Texas(6,10)",48041,106.5
"Park County, Colorado(6,10)",8093,106.4
"Pickens County, Georgia(7,9)",13227,106.4
"Fayette County, Alabama(6,10)",1057,106.4
"Idaho County, Idaho(6,10)",16049,106.3
"Bleckley County, Georgia(7,9)",13023,106.3
"McDowell County, West Virginia(6,10)",54047,106.3
"Indian River County, Florida(6,10)",12061,106.2
"Paulding County, Ohio(6,10)",39125,106.2
"Talladega County, Alabama(6,10)",1121,106.2
"St. Marys County, Maryland(6,10)",24037,106.2
"Greene County, North Carolina(6,10)",37079,106.2
"Montmorency County, Michigan(6,10)",26119,106.2 #  
"Stephens County, Georgia(7,9)",13257,106.1
"Henderson County, Texas(6,10)",48213,106.1
"Bradford County, Florida(6,10)",12007,106.1
"Blackford County, Indiana(6,10)",18009,106
"Jackson County, Alabama(6,10)",1071,106
"White County, Arkansas(6,10)",5145,106
"Audubon County, Iowa(7,8)",19009,106
"Cameron County, Texas(6,10)",48061,106
"Darlington County, South Carolina(6,10)",45031,105.9
"Jackson County, Wisconsin(6,10)",55053,105.9
"Angelina County, Texas(6,10)",48005,105.8
"Kleberg County, Texas(6,10)",48273,105.7
"Young County, Texas(6,10)",48503,105.7
"Fairfield County, South Carolina(6,10)",45039,105.7
"Bosque County, Texas(6,10)",48035,105.7
"Montgomery County, Indiana(6,10)",18107,105.7
"Winnebago County, Iowa(7,8)",19189,105.7
"Woods County, Oklahoma(6,10)",40151,105.6
"Catahoula Parish, Louisiana(7,9)",22025,105.6
"Stone County, Missouri(6,10)",29209,105.5
"Valencia County, New Mexico(7,8)",35061,105.5
"Garrett County, Maryland(6,10)",24023,105.4
"Union Parish, Louisiana(7,9)",22111,105.4
"White County, Indiana(6,10)",18181,105.4
"Somerset County, Maine(6,10)",23025,105.4
"Union County, Mississippi(6,10)",28145,105.4
"Lapeer County, Michigan(6,10)",26087,105.3 #  
"Gulf County, Florida(6,10)",12045,105.3
"Barrow County, Georgia(7,9)",13013,105.3
"Edmunds County, South Dakota(6,10)",46045,105.3
"Waushara County, Wisconsin(6,10)",55137,105.2
"Hoke County, North Carolina(6,10)",37093,105.2
"Calaveras County, California(7,9)",6009,105.2
"Wayne County, West Virginia(6,10)",54099,105.2
"Morrow County, Ohio(6,10)",39117,105.1
"Dickinson County, Michigan(6,10)",26043,105 #  
"Gadsden County, Florida(6,10)",12039,105
"Carter County, Oklahoma(6,10)",40019,105
"Yell County, Arkansas(6,10)",5149,104.9
"Bonneville County, Idaho(6,10)",16019,104.9
"Gregory County, South Dakota(6,10)",46053,104.8
"Gunnison County, Colorado(6,10)",8051,104.8
"McDuffie County, Georgia(7,9)",13189,104.7
"Brookings County, South Dakota(6,10)",46011,104.7
"Lafayette County, Arkansas(6,10)",5073,104.7
"Elbert County, Georgia(7,9)",13105,104.6
"Polk County, North Carolina(6,10)",37149,104.6
"St. Clair County, Alabama(6,10)",1115,104.5
"Highland County, Ohio(6,10)",39071,104.5
"Highlands County, Florida(6,10)",12055,104.5
"Page County, Iowa(7,8)",19145,104.5
"Dallas County, Arkansas(6,10)",5039,104.4
"Mitchell County, Iowa(7,8)",19131,104.4
"Henry County, Missouri(6,10)",29083,104.4
"Washita County, Oklahoma(6,10)",40149,104.4
"Craig County, Oklahoma(6,10)",40035,104.3
"Carbon County, Montana(6,10)",30009,104.3
"Attala County, Mississippi(6,10)",28007,104.2
"Vernon County, Missouri(6,10)",29217,104.2
"Washington County, New York(6,10)",36115,104.2
"Rusk County, Texas(6,10)",48401,104.1
"Johnson County, Arkansas(6,10)",5071,104.1
"Houston County, Texas(6,10)",48225,104.1
"Geneva County, Alabama(6,10)",1061,104.1
"Matagorda County, Texas(6,10)",48321,104.1
"Washington County, Utah(7,8)",49053,104.1
"Seminole County, Georgia(7,9)",13253,104
"Deer Lodge County, Montana(6,10)",30023,104
"Somervell County, Texas(6,10)",48425,103.9
"Grainger County, Tennessee(6,10)",47057,103.9
"Delta County, Michigan(6,10)",26041,103.9 #  
"Roberts County, South Dakota(6,10)",46109,103.9
"Hart County, Georgia(7,9)",13147,103.8
"Monroe County, Iowa(7,8)",19135,103.8
"Vermillion County, Indiana(6,10)",18165,103.8
"Washington County, Missouri(6,10)",29221,103.8
"Lawrence County, South Dakota(6,10)",46081,103.8
"Aroostook County, Maine(6,10)",23003,103.8
"Columbia County, Florida(6,10)",12023,103.7
"Lawrence County, Alabama(6,10)",1079,103.7
"Hernando County, Florida(6,10)",12053,103.5
"Seminole County, Oklahoma(6,10)",40133,103.5
"Monroe County, Tennessee(6,10)",47123,103.5
"Covington County, Alabama(6,10)",1039,103.4
"Big Horn County, Montana(6,10)",30003,103.4
"Webster County, Missouri(6,10)",29225,103.4
"Upshur County, West Virginia(6,10)",54097,103.4
"O'Brien County, Iowa(7,8)",19141,103.4
"Lawrence County, Tennessee(6,10)",47099,103.4
"Jackson Parish, Louisiana(7,9)",22049,103.3
"Boone County, West Virginia(6,10)",54005,103.3
"Clay County, Arkansas(6,10)",5021,103.3
"Henderson County, Tennessee(6,10)",47077,103.2
"Caledonia County, Vermont(6,10)",50005,103.1
"Beaver County, Oklahoma(6,10)",40007,103.1
"Calhoun County, Michigan(6,10)",26025,103.1 #  
"Lowndes County, Mississippi(6,10)",28087,103
"Davis County, Iowa(7,8)",19051,103
"Luna County, New Mexico(7,8)",35029,103
"Hamilton County, Florida(6,10)",12047,102.9
"Starke County, Indiana(6,10)",18149,102.9
"Henry County, Ohio(6,10)",39069,102.8
"Van Buren County, Iowa(7,8)",19177,102.8
"Adams County, Indiana(6,10)",18001,102.8
"Siskiyou County, California(7,9)",6093,102.8
"Caribou County, Idaho(6,10)",16029,102.7
"Wabash County, Indiana(6,10)",18169,102.7
"Pope County, Arkansas(6,10)",5115,102.7
"Asotin County, Washington(6,10)",53003,102.6
"Linn County, Missouri(6,10)",29115,102.6
"Tyler County, West Virginia(6,10)",54095,102.6
"Delta County, Colorado(6,10)",8029,102.6
"Choctaw County, Oklahoma(6,10)",40023,102.5
"Sitka Borough, Alaska(6,10)",2220,102.5
"Marshall County, Iowa(7,8)",19127,102.5
"Miller County, Arkansas(6,10)",5091,102.4
"Jasper County, Mississippi(6,10)",28061,102.4
"Houston County, Tennessee(6,10)",47083,102.4
"Baker County, Florida(6,10)",12003,102.3
"Montgomery County, North Carolina(6,10)",37123,102.3
"Lee County, South Carolina(6,10)",45061,102.3
"Pocahontas County, West Virginia(6,10)",54075,102.3
"Meade County, South Dakota(6,10)",46093,102.3
"Fremont County, Iowa(7,8)",19071,102.3
"San Patricio County, Texas(6,10)",48409,102.2
"Price County, Wisconsin(6,10)",55099,102.2
"Newaygo County, Michigan(6,10)",26123,102.2 #  
"Randolph County, Missouri(6,10)",29175,102.2
"Walker County, Alabama(6,10)",1127,102.2
"Wilcox County, Georgia(7,9)",13315,102.1
"Cherokee County, Alabama(6,10)",1019,102.1
"Callahan County, Texas(6,10)",48059,102
"Walker County, Georgia(7,9)",13295,102
"Adams County, Mississippi(6,10)",28001,102
"Elmore County, Idaho(6,10)",16039,102
"Tallapoosa County, Alabama(6,10)",1123,101.9
"Assumption Parish, Louisiana(7,9)",22007,101.9
"Desha County, Arkansas(6,10)",5041,101.9
"Barton County, Missouri(6,10)",29011,101.9
"Cleveland County, Arkansas(6,10)",5025,101.9
"Hidalgo County, Texas(6,10)",48215,101.8
"Harrison County, Ohio(6,10)",39067,101.7
"Somerset County, Maryland(6,10)",24039,101.7
"Jefferson County, West Virginia(6,10)",54037,101.7
"Lincoln County, Mississippi(6,10)",28085,101.7
"Union County, South Carolina(6,10)",45087,101.6
"Prentiss County, Mississippi(6,10)",28117,101.6
"Newton County, Mississippi(6,10)",28101,101.6
"Thomas County, Georgia(7,9)",13275,101.5
"Bryan County, Oklahoma(6,10)",40013,101.5
"Monroe County, Arkansas(6,10)",5095,101.4
"Jefferson County, Texas(6,10)",48245,101.4
"Kane County, Utah(7)",49025,101.4
"Choctaw County, Alabama(6,10)",1023,101.4
"Nemaha County, Nebraska(6,10)",31127,101.3
"Tillman County, Oklahoma(6,10)",40141,101.3
"Bayfield County, Wisconsin(6,10)",55007,101.3
"Wilkes County, North Carolina(6,10)",37193,101.3
"St. Lawrence County, New York(6,10)",36089,101.2
"Union County, Indiana(6,10)",18161,101.2
"Sevier County, Arkansas(6,10)",5133,101.2
"Steuben County, Indiana(6,10)",18151,101.2
"Hunt County, Texas(6,10)",48231,101.2
"Randolph County, Arkansas(6,10)",5121,101.1
"Otoe County, Nebraska(6,10)",31131,101.1
"Boone County, Iowa(7,8)",19015,101.1
"Colusa County, California(7,9)",6011,101
"Baldwin County, Georgia(7,9)",13009,101
"Weber County, Utah(7,8)",49057,101
"Calhoun County, Alabama(6,10)",1015,101
"Appling County, Georgia(7,9)",13001,101
"Fayette County, Ohio(6,10)",39047,100.9
"Trempealeau County, Wisconsin(6,10)",55121,100.9
"Sequatchie County, Tennessee(6,10)",47153,100.8
"Adair County, Iowa(7,8)",19001,100.8
"Otsego County, Michigan(6,10)",26137,100.8 #  
"Harrison County, West Virginia(6,10)",54033,100.8
"Wetzel County, West Virginia(6,10)",54103,100.7
"Benewah County, Idaho(6,10)",16009,100.7
"Pleasants County, West Virginia(6,10)",54073,100.6
"Ripley County, Indiana(6,10)",18137,100.6
"Curry County, Oregon(6,10)",41015,100.5
"Berrien County, Georgia(7,9)",13019,100.5
"Barry County, Missouri(6,10)",29009,100.5
"Poinsett County, Arkansas(6,10)",5111,100.5
"Allegan County, Michigan(6,10)",26005,100.4 #  
"Converse County, Wyoming(6,10)",56009,100.3
"Cannon County, Tennessee(6,10)",47015,100.3
"Brown County, Ohio(6,10)",39015,100.2
"Suwannee County, Florida(6,10)",12121,100.2
"Taylor County, Georgia(7,9)",13269,100.2
"Escambia County, Alabama(6,10)",1053,100.2
"Childress County, Texas(6,10)",48075,100.1
"Buffalo County, Wisconsin(6,10)",55011,100.1
"Luce County, Michigan(6,10)",26095,100.1 #  
"Pike County, Mississippi(6,10)",28113,100.1
"Itawamba County, Mississippi(6,10)",28057,100.1
"Greene County, Arkansas(6,10)",5055,100.1
"Franklin County, Indiana(6,10)",18047,100
"Roosevelt County, Montana(6,10)",30085,100
"Love County, Oklahoma(6,10)",40085,100
"Newberry County, South Carolina(6,10)",45071,100
"Adams County, Ohio(6,10)",39001,99.9
"Grimes County, Texas(6,10)",48185,99.9
"Decatur County, Tennessee(6,10)",47039,99.8
"Benton County, Tennessee(6,10)",47005,99.8
"Cherokee County, Oklahoma(6,10)",40021,99.8
"Long County, Georgia(7,9)",13183,99.8
"Alcona County, Michigan(6,10)",26001,99.7 #  
"Seward County, Nebraska(6,10)",31159,99.5
"Kerr County, Texas(6,10)",48265,99.5
"Barbour County, West Virginia(6,10)",54001,99.4
"Neshoba County, Mississippi(6,10)",28099,99.4
"Charlotte County, Florida(6,10)",12015,99.4
"Torrance County, New Mexico(7,8)",35057,99.4
"Ringgold County, Iowa(7,8)",19159,99.4
"Whitfield County, Georgia(7,9)",13313,99.3
"Murray County, Georgia(7,9)",13213,99.3
"Beaverhead County, Montana(6,10)",30001,99.2
"Collier County, Florida(6,10)",12021,99.2
"Chickasaw County, Iowa(7,8)",19037,99.2
"Hancock County, Mississippi(6,10)",28045,99.1
"Wood County, Texas(6,10)",48499,99.1
"Lucas County, Ohio(6,10)",39095,99.1
"Clarke County, Iowa(7,8)",19039,99
"Greene County, Indiana(6,10)",18055,99
"Butler County, Iowa(7,8)",19023,99
"Nacogdoches County, Texas(6,10)",48347,99
"Wayne County, Tennessee(6,10)",47181,99
"Crittenden County, Arkansas(6,10)",5035,99
"Columbia County, Arkansas(6,10)",5027,98.9
"Silver Bow County, Montana(6,10)",30093,98.9
"Coshocton County, Ohio(6,10)",39031,98.9
"Butts County, Georgia(7,9)",13035,98.8
"Pawnee County, Oklahoma(6,10)",40117,98.8
"Taylor County, Wisconsin(6,10)",55119,98.7
"Trinity County, Texas(6,10)",48455,98.6
"Monroe County, Michigan(6,10)",26115,98.6 #  
"Schuyler County, New York(6,10)",36097,98.6
"Dunklin County, Missouri(6,10)",29069,98.6
"Custer County, Idaho(6,10)",16037,98.5
"Saunders County, Nebraska(6,10)",31155,98.5
"Box Butte County, Nebraska(6,10)",31013,98.4
"Craighead County, Arkansas(6,10)",5031,98.2
"Dillon County, South Carolina(6,10)",45033,98.2
"Custer County, Montana(6,10)",30017,98.2
"Lauderdale County, Alabama(6,10)",1077,98.2
"Grady County, Georgia(7,9)",13131,98.1
"New Madrid County, Missouri(6,10)",29143,98.1
"San Jacinto County, Texas(6,10)",48407,98.1
"Atoka County, Oklahoma(6,10)",40005,98.1
"Walthall County, Mississippi(6,10)",28147,98.1
"Douglas County, Oregon(6,10)",41019,98
"Fannin County, Texas(6,10)",48147,98
"Overton County, Tennessee(6,10)",47133,98
"Fremont County, Wyoming(6,10)",56013,98
"Meigs County, Tennessee(6,10)",47121,97.9
"Carroll County, Missouri(6,10)",29033,97.9
"Franklin County, Texas(6,10)",48159,97.8
"Roane County, West Virginia(6,10)",54087,97.7
"Coffee County, Georgia(7,9)",13069,97.5
"Jefferson Davis County, Mississippi(6,10)",28065,97.4
"Nodaway County, Missouri(6,10)",29147,97.3
"Mahaska County, Iowa(7,8)",19123,97.3
"Emmet County, Iowa(7,8)",19063,97.3
"Van Buren County, Michigan(6,10)",26159,97.3 #  
"Mississippi County, Arkansas(6,10)",5093,97.2
"Colfax County, New Mexico(7,8)",35007,97.2
"Winston County, Alabama(6,10)",1133,97.2
"Cass County, Texas(6,10)",48067,97.2
"Mason County, West Virginia(6,10)",54053,97.1
"Custer County, South Dakota(6,10)",46033,97.1
"St. James Parish, Louisiana(7,9)",22093,97.1
"Dixon County, Nebraska(6,10)",31051,97.1
"Guernsey County, Ohio(6,10)",39059,97.1
"Blanco County, Texas(6,10)",48031,97.1
"Lincoln County, New Mexico(7,8)",35027,97.1
"Ashley County, Arkansas(6,10)",5003,97
"Langlade County, Wisconsin(6,10)",55067,97
"Jefferson County, Indiana(6,10)",18077,97
"Liberty County, Texas(6,10)",48291,97
"Broadwater County, Montana(6,10)",30007,96.9
"Upshur County, Texas(6,10)",48459,96.9
"Panola County, Texas(6,10)",48365,96.8
"Madison County, Idaho(6,10)",16065,96.8
"Oceana County, Michigan(6,10)",26127,96.8 #  
"Lyon County, Iowa(7,8)",19119,96.8
"Brown County, Texas(6,10)",48049,96.7
"Anderson County, Texas(6,10)",48001,96.7
"Plymouth County, Iowa(7,8)",19149,96.6
"Upson County, Georgia(7,9)",13293,96.6
"Lawrence County, Arkansas(6,10)",5075,96.6
"Richland Parish, Louisiana(7,9)",22083,96.6
"Belmont County, Ohio(6,10)",39013,96.6
"Owen County, Indiana(6,10)",18119,96.5
"Wheeler County, Texas(6,10)",48483,96.5
"Etowah County, Alabama(6,10)",1055,96.5
"Sullivan County, Indiana(6,10)",18153,96.4
"Mineral County, Montana(6,10)",30061,96.4
"Arkansas County, Arkansas(6,10)",5001,96.3
"Clay County, Alabama(6,10)",1027,96.3
"Moody County, South Dakota(6,10)",46101,96.3
"Lauderdale County, Mississippi(6,10)",28075,96.3
"McKinley County, New Mexico(7,8)",35031,96.2
"Meigs County, Ohio(6,10)",39105,96.2
"Lincoln County, Montana(6,10)",30053,96.1
"Henry County, Alabama(6,10)",1067,96.1
"Wise County, Texas(6,10)",48497,96.1
"Henry County, Tennessee(6,10)",47079,96
"Gilmer County, Georgia(7,9)",13123,96
"Miller County, Missouri(6,10)",29131,96
"Lafayette County, Florida(6,10)",12067,95.9
"Burnet County, Texas(6,10)",48053,95.9
"Hardin County, Texas(6,10)",48199,95.9
"Pendleton County, West Virginia(6,10)",54071,95.8
"Custer County, Nebraska(6,10)",31041,95.8
"Essex County, Vermont(6,10)",50009,95.7
"Dyer County, Tennessee(6,10)",47045,95.7
"Carroll County, Indiana(6,10)",18015,95.6
"Ritchie County, West Virginia(6,10)",54085,95.6
"Webb County, Texas(6,10)",48479,95.6
"Hendry County, Florida(6,10)",12051,95.6
"Parke County, Indiana(6,10)",18121,95.6
"Cass County, Iowa(7,8)",19029,95.6
"Brewster County, Texas(6,10)",48043,95.6
"Cedar County, Nebraska(6,10)",31027,95.4
"Cocke County, Tennessee(6,10)",47029,95.4
"Lassen County, California(7,9)",6035,95.4
"Jackson County, Ohio(6,10)",39079,95.3
"Evangeline Parish, Louisiana(7,9)",22039,95.3
"St. Joseph County, Michigan(6,10)",26149,95.3 #  
"Lawrence County, Mississippi(6,10)",28077,95.1
"Nicholas County, West Virginia(6,10)",54067,95
"Dawes County, Nebraska(6,10)",31045,95
"Pike County, Georgia(7,9)",13231,95
"Tippah County, Mississippi(6,10)",28139,94.9
"Carroll County, Tennessee(6,10)",47017,94.8
"Cochise County, Arizona(6,10)",4003,94.7
"Hempstead County, Arkansas(6,10)",5057,94.7
"Dent County, Missouri(6,10)",29065,94.7
"Red River County, Texas(6,10)",48387,94.6
"Wayne County, Nebraska(6,10)",31179,94.5
"Green County, Wisconsin(6,10)",55045,94.5
"Carroll County, Iowa(7,8)",19027,94.4
"Custer County, Oklahoma(6,10)",40039,94.4
"Houghton County, Michigan(6,10)",26061,94.4 #  
"Goliad County, Texas(6,10)",48175,94.4
"Hamilton County, Iowa(7,8)",19079,94.3
"Scott County, Arkansas(6,10)",5127,94.3
"Baraga County, Michigan(6,10)",26013,94.2 #  
"Jasper County, Texas(6,10)",48241,94.2
"Dawson County, Nebraska(6,10)",31047,94.2
"Uvalde County, Texas(6,10)",48463,94.2
"Polk County, Arkansas(6,10)",5113,94.1
"Lincoln County, Nebraska(6,10)",31111,94
"Ottawa County, Oklahoma(6,10)",40115,94
"Deaf Smith County, Texas(6,10)",48117,94
"Boone County, Arkansas(6,10)",5009,93.8
"Marshall County, Oklahoma(6,10)",40095,93.7
"Atchison County, Missouri(6,10)",29005,93.7
"Fremont County, Idaho(6,10)",16043,93.6
"Simpson County, Mississippi(6,10)",28127,93.5
"Columbia County, Washington(6,10)",53013,93.5
"Ward County, Texas(6,10)",48475,93.4
"Dade County, Georgia(7,9)",13083,93.3
"Big Horn County, Wyoming(6,10)",56003,93.2
"Osage County, Oklahoma(6,10)",40113,93.2
"Fayette County, Texas(6,10)",48149,93.1
"Comanche County, Texas(6,10)",48093,93
"Wilson County, Texas(6,10)",48493,93
"Murray County, Oklahoma(6,10)",40099,93
"Lewis County, New York(6,10)",36049,93
"Jefferson County, Idaho(6,10)",16051,93
"Jack County, Texas(6,10)",48237,92.9
"Missaukee County, Michigan(6,10)",26113,92.9 #  
"Morgan County, Missouri(6,10)",29141,92.9
"Cedar County, Missouri(6,10)",29039,92.7
"Gila County, Arizona(6,10)",4007,92.7
"Kalkaska County, Michigan(6,10)",26079,92.6 #  
"Logan County, Arkansas(6,10)",5083,92.6
"Stone County, Arkansas(6,10)",5137,92.6
"Johnston County, Oklahoma(6,10)",40069,92.6
"Yuma County, Colorado(6,10)",8125,92.5
"Greene County, Mississippi(6,10)",28041,92.5
"Independence County, Arkansas(6,10)",5063,92.5
"Columbus County, North Carolina(6,10)",37047,92.4
"Decatur County, Georgia(7,9)",13087,92.1
"Eddy County, New Mexico(7,8)",35015,92
"Moore County, Tennessee(6,10)",47127,92
"Cross County, Arkansas(6,10)",5037,91.9
"Catoosa County, Georgia(7,9)",13047,91.8
"Brown County, Indiana(6,10)",18013,91.8
"Pike County, Arkansas(6,10)",5109,91.8
"Ste. Genevieve County, Missouri(6,10)",29186,91.7
"Laclede County, Missouri(6,10)",29105,91.6
"Iosco County, Michigan(6,10)",26069,91.6 #  
"Taylor County, West Virginia(6,10)",54091,91.3
"Wilkinson County, Georgia(7,9)",13319,91.3
"Bacon County, Georgia(7,9)",13005,91.3
"Lincoln County, Arkansas(6,10)",5079,91.3
"Grand County, Colorado(6,10)",8049,91.2
"Hopkins County, Texas(6,10)",48223,91.1
"Pinal County, Arizona(6,10)",4021,90.9
"Cleburne County, Alabama(6,10)",1029,90.9
"Hamilton County, Nebraska(6,10)",31081,90.8
"Braxton County, West Virginia(6,10)",54007,90.8
"Vernon Parish, Louisiana(7,9)",22115,90.6
"Saluda County, South Carolina(6,10)",45081,90.5
"Franklin County, Mississippi(6,10)",28037,90.5
"Miami County, Indiana(6,10)",18103,90.4
"Heard County, Georgia(7,9)",13149,90.4
"Clark County, Missouri(6,10)",29045,90.2
"Haralson County, Georgia(7,9)",13143,90.1
"Socorro County, New Mexico(7)",35053,90
"Jefferson County, Nebraska(6,10)",31095,90
"Carbon County, Wyoming(6,10)",56007,89.9
"Hardy County, West Virginia(6,10)",54031,89.9
"York County, Nebraska(6,10)",31185,89.8
"Crawford County, Iowa(7,8)",19047,89.8
"Avoyelles Parish, Louisiana(7,9)",22009,89.8
"San Miguel County, New Mexico(7,8)",35047,89.7
"Chattooga County, Georgia(7,9)",13055,89.7
"Presque Isle County, Michigan(6,10)",26141,89.6 #  
"Jackson County, Arkansas(6,10)",5067,89.6
"Hockley County, Texas(6,10)",48219,89.6
"Skamania County, Washington(6,10)",53059,89.5
"Pontotoc County, Oklahoma(6,10)",40123,89.4
"Cooke County, Texas(6,10)",48097,89.4
"Caddo County, Oklahoma(6,10)",40015,89.3
"Eastland County, Texas(6,10)",48133,89.2
"Clarendon County, South Carolina(6,10)",45027,89.2
"Emery County, Utah(7)",49015,89.2
"Goshen County, Wyoming(6,10)",56015,89.1
"Lake County, Michigan(6,10)",26085,88.9 #  
"Iron County, Michigan(6,10)",26071,88.9 #  
"Hot Spring County, Arkansas(6,10)",5059,88.9
"Monroe County, Ohio(6,10)",39111,88.8
"DeKalb County, Alabama(6,10)",1049,88.8
"Andrew County, Missouri(6,10)",29003,88.8
"Irwin County, Georgia(7,9)",13155,88.8
"Summit County, Colorado(6,10)",8117,88.4
"Carroll County, Ohio(6,10)",39019,88.3
"Hale County, Texas(6,10)",48189,88.3
"Jeff Davis County, Georgia(7,9)",13161,88.2
"Sublette County, Wyoming(6,10)",56035,88.2
"Clarke County, Mississippi(6,10)",28023,88.2
"Texas County, Missouri(6,10)",29215,88
"Brooks County, Georgia(7,9)",13027,87.9
"Juneau Borough, Alaska(6,10)",2110,87.8
"McNairy County, Tennessee(6,10)",47109,87.8
"McCulloch County, Texas(6,10)",48307,87.7
"Coal County, Oklahoma(6,10)",40029,87.5
"Little River County, Arkansas(6,10)",5081,87.3
"Red River Parish, Louisiana(7,9)",22081,87.3
"DeSoto County, Florida(6,10)",12027,87.2
"Fulton County, Arkansas(6,10)",5049,87.2
"Madison County, Arkansas(6,10)",5087,87.2
"Stanton County, Nebraska(6,10)",31167,86.8
"Warren County, North Carolina(6,10)",37185,86.7
"Grant County, West Virginia(6,10)",54023,86.7
"Shelby County, Texas(6,10)",48419,86.6
"Iron County, Wisconsin(6,10)",55051,86.6
"Trousdale County, Tennessee(6,10)",47169,86.4
"Marshall County, Alabama(6,10)",1095,86.3
"Shelby County, Ohio(6,10)",39149,86.3
"Grady County, Oklahoma(6,10)",40051,86.2
"St. Francis County, Arkansas(6,10)",5123,86.2
"Howard County, Missouri(6,10)",29089,86.2
"Lea County, New Mexico(7,8)",35025,86.1
"Gallia County, Ohio(6,10)",39053,86
"Uintah County, Utah(7,8)",49047,86
"Crisp County, Georgia(7,9)",13081,85.9
"Pepin County, Wisconsin(6,10)",55091,85.9
"Howell County, Missouri(6,10)",29091,85.8
"Titus County, Texas(6,10)",48449,85.8
"Ochiltree County, Texas(6,10)",48357,85.8
"Benton County, Mississippi(6,10)",28009,85.5
"Duchesne County, Utah(7,8)",49013,85.5
"Forest County, Wisconsin(6,10)",55041,85.4
"La Salle Parish, Louisiana(7,9)",22059,85.4
"Clearwater County, Idaho(6,10)",16035,85.3
"Bandera County, Texas(6,10)",48019,85.3
"Roosevelt County, New Mexico(7,8)",35041,85.2
"Fulton County, Ohio(6,10)",39051,85
"Platte County, Wyoming(6,10)",56031,85
"Bamberg County, South Carolina(6,10)",45009,85
"Holt County, Nebraska(6,10)",31089,84.8
"Wallowa County, Oregon(6,10)",41063,84.7
"Chester County, Tennessee(6,10)",47023,84.6
"Daviess County, Indiana(6,10)",18027,84.6
"Banks County, Georgia(7,9)",13011,84.5
"Gogebic County, Michigan(6,10)",26053,84.4 #  
"Burleson County, Texas(6,10)",48051,84.2
"Falls County, Texas(6,10)",48145,84.2
"Benton County, Indiana(6,10)",18007,84.2
"Mayes County, Oklahoma(6,10)",40097,84
"Kearney County, Nebraska(6,10)",31099,83.8
"Switzerland County, Indiana(6,10)",18155,83.8
"Cherokee County, Iowa(7,8)",19035,83.7
"Rains County, Texas(6,10)",48379,83.7
"Terry County, Texas(6,10)",48445,83.6
"Leflore County, Mississippi(6,10)",28083,83.5
"Madison County, Montana(6,10)",30057,83.5
"Coosa County, Alabama(6,10)",1037,83.4
"Clinton County, Michigan(6,10)",26037,83.3 #  
"Ozark County, Missouri(6,10)",29153,83.3
"Franklin County, Arkansas(6,10)",5047,83.2
"McIntosh County, Oklahoma(6,10)",40091,83.2
"Gaines County, Texas(6,10)",48165,83.2
"Polk County, Wisconsin(6,10)",55095,83.1
"Lafayette County, Wisconsin(6,10)",55065,82.9
"Lamb County, Texas(6,10)",48279,82.9
"Fayette County, Indiana(6,10)",18041,82.8
"Madison County, Florida(6,10)",12079,82.8
"Decatur County, Indiana(6,10)",18031,82.8
"Pemiscot County, Missouri(6,10)",29155,82.7
"Pushmataha County, Oklahoma(6,10)",40127,82.7
"Chaves County, New Mexico(7,8)",35005,82.6
"Madison County, Missouri(6,10)",29123,82.5
"Bates County, Missouri(6,10)",29013,82.4
"Pickett County, Tennessee(6,10)",47137,82.4
"West Carroll Parish, Louisiana(7,9)",22123,82.4
"Ashland County, Wisconsin(6,10)",55003,82.4
"Washakie County, Wyoming(6,10)",56043,82.4
"Mills County, Texas(6,10)",48333,82.4
"Branch County, Michigan(6,10)",26023,82.4 #  
"Marion County, Mississippi(6,10)",28091,82.3
"Scott County, Mississippi(6,10)",28123,82.1
"Shannon County, Missouri(6,10)",29203,82
"Appanoose County, Iowa(7,8)",19007,82
"Robertson County, Texas(6,10)",48395,81.8
"Chippewa County, Michigan(6,10)",26033,81.7 #  
"Gates County, North Carolina(6,10)",37073,81.7
"Wirt County, West Virginia(6,10)",54105,81.1
"Bradley County, Arkansas(6,10)",5011,81.1
"Sequoyah County, Oklahoma(6,10)",40135,81
"Washington County, Florida(6,10)",12133,81
"Boundary County, Idaho(6,10)",16021,80.9
"Douglas County, Wisconsin(6,10)",55031,80.7
"Winn Parish, Louisiana(7,9)",22127,80.5
"Santa Cruz County, Arizona(6,10)",4023,80.3
"Llano County, Texas(6,10)",48299,80.2
"Wyoming County, West Virginia(6,10)",54109,80.2
"St. Clair County, Missouri(6,10)",29185,80
"Bladen County, North Carolina(6,10)",37017,79.8
"Woodward County, Oklahoma(6,10)",40153,79.8
"Newton County, Arkansas(6,10)",5101,79.3
"Montgomery County, Arkansas(6,10)",5097,79.3
"Bledsoe County, Tennessee(6,10)",47007,79.2
"Sunflower County, Mississippi(6,10)",28133,79.2
"Daviess County, Missouri(6,10)",29061,79.1
"Winston County, Mississippi(6,10)",28159,78.9
"Hickory County, Missouri(6,10)",29085,78.8
"Morgan County, Utah(7)",49029,78.6
"Hot Springs County, Wyoming(6,10)",56017,78.4
"Gentry County, Missouri(6,10)",29075,78.4
"Delaware County, Oklahoma(6,10)",40041,78
"Jim Wells County, Texas(6,10)",48249,77.9
"Newton County, Texas(6,10)",48351,77.8
"Pierce County, Wisconsin(6,10)",55093,77.7
"Sanilac County, Michigan(6,10)",26151,77.5 #  
"Covington County, Mississippi(6,10)",28031,77.5
"Barry County, Michigan(6,10)",26015,77.4 #  
"Coleman County, Texas(6,10)",48083,77.3
"Grant County, Oregon(6,10)",41023,77.2
"Lincoln County, Georgia(7,9)",13181,77.2
"Rusk County, Wisconsin(6,10)",55107,77.1
"Oscoda County, Michigan(6,10)",26135,76.9 #  
"Johnson County, Georgia(7,9)",13167,76.9
"Lincoln County, Oklahoma(6,10)",40081,76.5
"Marion County, South Carolina(6,10)",45067,76
"Tyler County, Texas(6,10)",48457,75.6
"Brantley County, Georgia(7,9)",13025,75.6
"Mason County, Michigan(6,10)",26105,75.1 #  
"Kewaunee County, Wisconsin(6,10)",55061,74.9
"Colorado County, Texas(6,10)",48089,74.6
"McIntosh County, Georgia(7,9)",13191,74.3
"Humboldt County, Iowa(7,8)",19091,74.3
"Oregon County, Missouri(6,10)",29149,74.3
"McDonald County, Missouri(6,10)",29119,74
"Telfair County, Georgia(7,9)",13271,73.9
"Carroll County, Mississippi(6,10)",28015,73.8
"Gonzales County, Texas(6,10)",48177,73.1
"Thayer County, Nebraska(6,10)",31169,72.5
"Dooly County, Georgia(7,9)",13093,71.7
"Montague County, Texas(6,10)",48337,71.6
"Newton County, Missouri(6,10)",29145,71.1
"Douglas County, Missouri(6,10)",29067,71
"Sullivan County, Missouri(6,10)",29211,70.8
"Nevada County, Arkansas(6,10)",5099,70.8
"Stephens County, Texas(6,10)",48429,70.2
"Smith County, Mississippi(6,10)",28129,70
"Candler County, Georgia(7,9)",13043,69.9
"Calhoun County, West Virginia(6,10)",54013,69.6
"Grant Parish, Louisiana(7,9)",22043,69.2
"Apache County, Arizona(6,10)",4001,68.9
"Holmes County, Ohio(6,10)",39075,68.4
"Cass County, Michigan(6,10)",26027,68.1 #  
"Ogemaw County, Michigan(6,10)",26129,67.1 #  
"La Paz County, Arizona(6,10)",4012,66.9
"Franklin County, Florida(6,10)",12037,66.6
"Reynolds County, Missouri(6,10)",29179,66.5
"Maries County, Missouri(6,10)",29125,66
"Gilmer County, West Virginia(6,10)",54021,65.4
"Amite County, Mississippi(6,10)",28005,65.3
"Charlton County, Georgia(7,9)",13049,65.3
"Searcy County, Arkansas(6,10)",5129,65.1
"Calhoun County, Florida(6,10)",12013,65.1
"Wayne County, Iowa(7,8)",19185,64.7
"Crawford County, Michigan(6,10)",26039,63.7 #  
"Pierce County, Nebraska(6,10)",31139,62.3
"San Augustine County, Texas(6,10)",48405,62
"Doddridge County, West Virginia(6,10)",54017,60.7
"Archer County, Texas(6,10)",48009,59.1
"Jackson County, Florida(6,10)",12063,59.1
"Le Flore County, Oklahoma(6,10)",40079,55.7
"Jackson County, Texas(6,10)",48239,55.5
"Adair County, Oklahoma(6,10)",40001,54.6
"Menominee County, Michigan(6,10)",26109,54
"Holmes County, Florida(6,10)",12059,51.5
